cell,layer
met0000,L5
met0001,L2_3
met0002,L2_3
met0003,L2_3
met0004,L4
met0005,L5
met0006,L4
met0007,L4
met0008,L2_3
met0009,L2_3
met0010,L6
met0011,L5
met0012,L6
met0013,L4
met0014,L5
met0015,L6
met0016,L4
met0017,L5
met0018,L2_3
met0019,L4
met0020,L5
met0021,L2_3
met0022,L4
met0023,L6
met0024,L4
met0025,L5
met0026,L6
met0027,L4
met0028,L5
met0029,L2_3
met0030,L2_3
met0031,L2_3
met0032,L4
met0033,L6
met0034,L2_3
met0035,L2_3
met0036,L2_3
met0037,L2_3
met0038,L6
met0039,L4
met0040,L4
met0041,L4
met0042,L6
met0043,L4
met0044,L6
met0045,L4
met0046,L4
met0047,L5
met0048,L2_3
met0049,L5
met0050,L4
met0051,L2_3
met0052,L6
met0053,L6
met0054,L5
met0055,L5
met0056,L5
met0057,L4
met0058,L5
met0059,L6
met0060,L4
met0061,L2_3
met0062,L4
met0063,L4
met0064,L5
met0065,L5
met0066,L5
met0067,L5
met0068,L4
met0069,L4
met0070,L5
met0071,L6
met0072,L5
met0073,L2_3
met0074,L6
met0075,L5
met0076,L4
met0077,L2_3
met0078,L5
met0079,L2_3
met0080,L2_3
met0081,L6
met0082,L6
met0083,L2_3
met0084,L4
met0085,L6
met0086,L4
met0087,L4
met0088,L2_3
met0089,L2_3
met0090,L2_3
met0091,L2_3
met0092,L2_3
met0093,L6
met0094,L4
met0095,L6
met0096,L5
met0097,L6
met0098,L5
met0099,L4
met0100,L5
met0101,L5
met0102,L5
met0103,L6
met0104,L6
met0105,L2_3
met0106,L5
met0107,L2_3
met0108,L5
met0109,L6
met0110,L2_3
met0111,L5
met0112,L2_3
met0113,L5
met0114,L2_3
met0115,L6
met0116,L4
met0117,L4
met0118,L2_3
met0119,L6
met0120,L5
met0121,L6
met0122,L4
met0123,L4
met0124,L5
met0125,L4
met0126,L2_3
met0127,L2_3
met0128,L5
met0129,L2_3
met0130,L2_3
met0131,L5
met0132,L2_3
met0133,L6
met0134,L6
met0135,L4
met0136,L2_3
met0137,L5
met0138,L5
met0139,L5
met0140,L5
met0141,L5
met0142,L6
met0143,L2_3
met0144,L6
met0145,L5
met0146,L5
met0147,L5
met0148,L6
met0149,L2_3
met0150,L4
met0151,L4
met0152,L4
met0153,L2_3
met0154,L5
met0155,L5
met0156,L5
met0157,L5
met0158,L5
met0159,L5
met0160,L2_3
met0161,L5
met0162,L6
met0163,L4
met0164,L2_3
met0165,L6
met0166,L6
met0167,L5
met0168,L5
met0169,L4
met0170,L5
met0171,L2_3
met0172,L6
met0173,L2_3
met0174,L5
met0175,L2_3
met0176,L5
met0177,L4
met0178,L6
met0179,L5
