# synthetic, for demo only -- generated by _make_example_data.py (seed=2026)
,G000,G001,G002,G003,G004,G005,G006,G007,G008,G009,G010,G011,G012,G013,G014,G015,G016,G017,G018,G019,G020,G021,G022,G023,G024,G025,G026,G027,G028,G029,G030,G031,G032,G033,G034,G035,G036,G037,G038,G039,G040,G041,G042,G043,G044,G045,G046,G047,G048,G049,G050,G051,G052,G053,G054,G055,G056,G057,G058,G059
C0000,0,3,5,6,2,4,3,7,50,31,4,6,23,32,3,21,5,4,12,2,31,16,5,16,33,4,50,2,24,5,4,3,4,42,17,19,26,38,20,2,38,8,37,24,4,1,2,43,1,6,5,24,3,5,27,31,12,4,26,3
C0001,3,6,3,2,4,4,8,5,47,24,9,6,14,30,2,16,2,5,10,3,24,19,7,20,29,5,48,3,22,4,2,2,4,39,11,17,18,42,15,2,52,10,41,26,6,5,1,38,0,4,7,21,2,5,27,34,14,3,22,4
C0002,2,8,7,14,14,4,4,13,34,20,9,8,17,28,8,15,7,5,10,5,22,17,9,11,27,9,34,1,10,4,4,2,7,29,7,21,17,31,14,4,42,17,38,12,2,3,4,27,1,6,13,19,4,4,16,26,4,3,16,6
C0003,3,7,3,5,7,4,5,3,52,33,5,4,29,38,2,14,2,6,5,2,25,22,8,14,29,9,61,3,13,3,4,2,7,31,17,17,23,46,10,3,33,18,39,23,4,3,0,35,2,4,1,19,5,3,29,34,15,4,28,4
C0004,2,3,2,4,1,0,2,2,53,31,4,2,27,39,2,23,4,2,8,0,30,23,3,28,32,3,64,1,29,3,3,0,1,38,24,20,26,42,13,0,34,23,51,11,2,3,1,46,0,1,2,25,3,2,27,34,16,1,23,4
C0005,0,8,5,4,7,0,6,14,50,22,7,7,17,29,4,15,7,11,5,3,27,18,7,14,28,8,43,1,28,7,3,5,6,29,7,13,14,25,13,1,34,15,39,14,5,1,2,34,2,6,8,21,3,7,26,31,4,5,21,8
C0006,0,2,0,3,2,0,0,1,57,23,4,5,21,39,2,19,1,1,15,1,34,19,4,31,43,5,53,1,24,0,3,0,2,37,19,24,34,53,15,0,42,25,49,32,3,2,2,60,0,3,2,20,1,1,23,37,14,3,41,4
C0007,0,6,4,9,6,4,11,7,36,10,6,11,19,28,6,18,6,5,5,6,29,13,5,17,29,8,36,4,12,2,6,6,10,20,12,15,22,37,14,2,24,5,29,22,5,4,1,29,3,8,7,12,6,6,23,21,11,2,17,8
C0008,3,19,8,7,15,11,14,14,40,17,8,7,10,20,9,14,12,7,9,1,21,8,11,21,19,21,32,4,16,5,7,4,15,23,6,11,18,35,14,3,24,5,27,15,8,9,2,32,5,2,5,15,7,8,15,23,10,3,10,12
C0009,4,6,10,8,10,5,8,4,36,27,12,6,15,22,4,17,3,9,8,4,24,19,10,17,19,10,48,3,11,5,7,6,10,27,14,18,16,24,12,3,33,14,22,6,5,10,3,31,1,7,7,18,5,11,19,26,9,4,20,12
C0010,0,6,5,2,3,5,4,2,50,24,2,6,16,37,5,26,1,3,19,7,30,30,4,17,41,2,51,0,20,1,1,3,2,36,11,19,14,52,14,0,41,13,49,12,9,5,1,40,2,3,4,18,9,8,22,42,10,2,22,6
C0011,3,7,7,8,13,4,12,8,34,17,11,9,15,26,8,11,5,2,13,3,29,14,13,23,31,9,39,2,19,5,3,5,5,22,3,16,27,32,18,4,29,12,33,12,8,4,5,37,2,6,9,15,9,4,26,22,7,1,18,12
C0012,2,4,8,2,2,3,1,5,51,26,6,3,24,41,2,13,4,4,7,5,21,23,5,22,38,8,44,1,21,2,1,1,6,32,16,19,20,57,17,1,35,16,44,21,4,8,0,34,2,3,10,23,5,3,26,40,8,1,26,5
C0013,4,5,7,9,9,8,12,13,34,13,11,11,10,20,8,5,8,12,11,9,16,13,7,16,31,9,34,4,8,6,2,2,6,18,12,7,15,39,17,4,29,6,33,15,1,11,3,38,2,10,12,12,5,13,19,29,7,0,14,5
C0014,3,7,2,3,7,2,6,6,56,24,3,3,16,29,1,24,1,5,14,2,36,19,1,22,40,2,54,4,17,3,1,1,2,34,17,29,21,41,13,3,39,17,41,10,7,2,3,27,1,6,5,22,7,2,36,36,19,3,25,3
C0015,1,6,3,4,5,2,7,5,52,30,8,7,26,44,3,19,5,5,7,2,23,29,8,20,22,9,34,1,17,5,2,5,11,22,15,13,20,40,11,3,37,11,36,21,3,2,2,30,1,9,7,22,5,8,22,42,8,3,25,9
C0016,0,15,8,12,10,8,11,7,31,21,7,8,18,30,8,16,6,10,5,8,13,9,16,16,30,9,25,2,14,7,8,6,9,20,7,9,11,40,14,2,28,12,33,15,9,11,1,32,0,13,8,16,5,11,8,29,5,8,9,6
C0017,0,8,4,3,6,5,4,10,56,26,5,8,22,27,1,19,3,5,5,1,15,19,6,17,33,6,56,3,19,2,2,5,11,26,15,15,25,35,21,2,38,15,35,21,7,5,2,47,1,7,9,16,6,8,27,33,10,2,24,7
C0018,5,6,14,10,6,1,5,4,49,22,15,6,19,24,5,13,6,9,5,9,23,20,8,15,26,11,41,7,15,4,7,3,8,27,6,14,15,42,9,4,29,9,28,12,3,7,4,24,1,10,11,11,9,8,27,25,6,2,18,8
C0019,4,9,11,10,4,3,11,6,47,22,9,10,18,31,3,12,5,5,5,4,27,14,12,15,34,3,36,2,14,3,10,4,5,34,18,20,13,36,12,2,32,13,36,13,8,1,2,44,4,3,10,16,5,4,25,36,10,5,18,5
C0020,2,5,3,14,5,4,6,8,40,34,7,5,13,30,2,13,4,6,11,2,22,19,5,18,31,6,54,5,20,6,4,2,5,23,7,15,27,38,8,3,29,17,38,15,7,3,4,41,2,9,3,11,4,7,28,47,13,1,22,7
C0021,0,10,10,7,3,3,12,10,42,15,8,11,11,28,6,7,4,8,9,5,16,18,9,9,31,7,41,3,21,5,6,3,10,28,9,15,18,38,15,3,26,11,24,12,13,8,3,30,1,11,6,20,4,11,21,24,13,6,15,2
C0022,0,4,2,1,4,2,0,4,45,32,6,2,25,37,6,24,1,4,10,4,37,18,5,20,45,5,51,2,22,4,2,0,2,33,14,24,28,30,18,1,43,12,48,22,2,2,1,40,1,2,6,28,3,5,23,42,16,2,23,5
C0023,3,5,3,5,4,6,7,10,35,30,3,5,19,33,5,19,4,6,7,2,24,22,7,16,33,3,39,4,22,4,7,4,6,23,13,17,17,45,20,6,28,11,43,16,6,6,1,29,3,8,6,27,6,6,21,44,14,2,18,2
C0024,4,9,4,6,3,3,7,6,45,33,3,4,26,29,1,15,2,8,15,2,29,14,6,23,32,10,48,3,17,2,1,4,6,26,7,12,21,34,17,1,40,14,37,10,4,5,2,32,0,4,5,22,5,5,25,32,9,0,25,6
C0025,5,16,10,7,7,7,7,13,31,24,7,10,15,24,3,18,9,3,7,3,20,15,11,26,31,8,38,5,16,1,4,5,12,18,8,10,13,26,17,4,29,11,29,17,4,7,5,34,0,11,7,19,7,11,20,33,10,3,16,10
C0026,2,4,8,11,11,1,5,13,46,26,8,10,19,37,3,23,4,6,11,1,22,15,3,18,32,11,44,3,21,1,2,0,10,29,14,14,13,44,20,3,33,17,51,14,7,4,6,29,3,7,6,11,5,6,14,42,9,3,24,10
C0027,1,8,7,5,13,1,9,10,29,17,5,6,11,20,0,18,11,8,11,3,20,16,8,21,28,5,28,3,12,6,7,4,9,21,14,10,21,33,12,3,30,9,32,17,7,4,4,27,4,17,11,16,5,5,21,18,9,5,17,9
C0028,4,7,4,7,6,2,3,5,32,30,8,12,16,27,5,9,7,4,10,5,19,20,12,15,26,11,39,3,16,1,7,5,7,22,11,13,14,28,14,0,21,11,31,6,7,3,5,28,2,10,5,9,5,9,21,19,7,7,23,6
C0029,4,11,3,5,11,6,8,9,48,26,9,10,13,26,3,13,8,11,9,3,18,17,8,27,36,13,43,1,19,5,5,2,7,21,9,6,19,37,12,2,28,5,36,16,4,4,2,28,2,10,3,18,3,7,16,34,7,6,26,9
C0030,0,6,7,8,6,5,13,13,26,29,4,6,24,29,6,14,4,7,12,4,13,15,12,11,20,11,35,3,21,3,4,3,9,33,7,19,22,41,21,2,30,14,38,9,8,3,3,30,1,11,5,13,13,10,12,25,9,2,16,5
C0031,3,15,8,9,10,10,8,17,41,22,11,5,13,21,3,19,2,6,8,1,22,8,12,11,14,16,44,6,13,4,8,4,5,22,9,13,12,34,12,5,26,3,27,19,8,11,3,28,2,6,14,20,2,17,15,27,8,3,17,10
C0032,1,6,5,8,7,5,11,10,36,20,9,7,20,23,4,18,5,8,12,7,17,11,5,19,38,6,50,3,17,4,7,3,7,21,5,13,25,25,8,4,35,10,34,10,10,4,4,24,5,12,7,20,6,8,17,33,5,8,16,8
C0033,4,5,3,6,2,4,8,0,42,27,4,2,21,29,2,21,4,5,8,2,19,20,7,23,33,8,46,1,14,5,5,2,5,24,15,9,18,24,13,1,31,13,47,21,8,2,3,49,1,2,5,20,3,9,23,26,14,5,20,4
C0034,2,7,8,5,4,3,6,9,54,25,5,5,14,31,4,22,7,8,11,5,22,22,5,16,20,5,54,2,18,2,4,7,5,30,7,17,20,31,19,2,30,11,38,15,6,5,3,38,1,8,5,18,5,8,19,32,8,4,17,4
C0035,2,7,2,3,2,1,3,7,58,25,7,2,16,31,0,19,3,4,9,6,30,16,4,32,39,1,48,4,21,1,5,2,3,30,15,24,25,47,17,1,45,11,45,20,5,7,1,42,3,5,2,19,2,6,25,33,12,2,20,3
C0036,0,5,7,11,4,5,7,8,34,20,13,9,20,23,4,18,6,12,5,4,18,16,9,15,26,3,37,5,16,6,4,5,6,23,9,21,19,33,14,5,26,6,38,13,10,7,2,28,2,6,8,12,4,8,13,35,5,5,19,5
C0037,7,3,2,8,4,3,8,8,47,31,7,2,21,43,3,17,5,5,13,0,32,28,4,18,39,4,50,1,12,3,5,1,5,26,11,23,23,47,12,1,46,11,38,21,4,5,2,45,1,4,9,21,2,2,21,28,14,4,19,5
C0038,4,4,3,3,10,2,4,4,58,30,6,9,20,33,2,21,1,0,16,5,29,27,5,24,48,4,55,1,27,1,3,1,7,34,4,22,22,47,20,0,38,13,42,23,5,3,0,36,0,5,3,30,4,3,22,38,17,1,40,1
C0039,0,4,3,3,4,0,5,5,51,37,1,3,24,32,2,24,2,4,12,5,28,28,5,23,39,5,40,0,22,1,2,0,6,26,13,16,25,43,23,0,41,12,35,19,4,1,0,43,0,4,1,29,1,5,23,35,13,4,27,2
C0040,3,6,8,8,6,5,6,9,34,24,10,5,19,21,5,13,2,6,5,3,25,10,6,21,36,15,47,7,13,1,3,2,8,18,19,14,15,25,12,4,30,12,37,10,5,6,5,41,1,6,5,15,3,4,19,36,9,4,19,4
C0041,2,5,4,7,7,2,4,6,39,26,4,5,21,28,5,17,3,6,13,5,23,18,7,26,24,10,52,3,20,1,4,3,8,33,16,17,23,35,10,0,45,17,30,18,10,2,5,40,1,4,11,17,5,6,15,32,11,6,13,11
C0042,1,7,5,6,4,4,5,4,44,29,10,4,23,35,3,10,6,1,7,3,21,24,6,25,34,5,52,1,14,3,4,1,8,24,8,16,20,50,14,4,28,13,40,16,9,2,8,44,2,8,9,26,4,7,27,43,10,9,19,8
C0043,4,8,6,4,4,1,3,5,61,28,7,6,16,41,4,26,6,6,8,3,22,12,7,21,32,3,51,1,24,1,3,3,2,26,11,21,19,51,9,2,42,14,32,20,10,3,0,46,0,8,8,14,8,4,25,40,11,7,25,6
C0044,1,3,6,4,5,3,2,6,46,31,8,7,16,30,3,22,6,6,13,4,32,31,8,21,33,3,51,1,25,3,4,1,1,30,11,26,14,42,17,3,50,18,50,21,1,1,0,48,2,5,6,10,1,8,16,36,10,3,28,5
C0045,2,7,12,8,6,2,9,9,44,27,9,4,15,34,3,13,6,8,6,5,20,11,12,14,23,9,38,4,20,2,3,4,8,27,10,8,23,39,6,6,29,17,19,12,8,2,3,31,3,8,4,21,4,6,24,29,11,4,19,5
C0046,1,7,7,7,8,2,0,7,49,30,5,7,22,28,1,16,6,5,11,3,14,17,5,26,40,7,41,2,25,3,6,4,10,32,13,19,21,40,17,3,37,11,49,23,4,4,1,41,1,10,11,14,5,3,24,31,8,3,24,3
C0047,0,5,6,7,9,6,5,6,59,31,4,4,15,30,3,19,6,7,13,9,23,23,7,13,29,8,41,3,15,1,3,2,4,29,15,21,18,24,17,3,33,7,37,17,4,0,2,40,1,8,8,8,6,10,23,38,8,3,18,5
C0048,1,2,2,4,6,3,5,8,51,31,3,3,28,29,0,27,4,4,8,3,20,13,6,23,35,8,45,4,20,4,5,2,4,22,6,17,15,42,9,2,45,14,41,17,6,4,0,39,1,4,5,17,3,2,21,36,16,1,15,4
C0049,0,6,5,9,4,6,7,10,49,28,5,6,18,30,4,19,9,5,7,3,27,14,7,23,35,5,56,4,17,3,2,1,6,29,14,33,27,47,17,2,36,10,34,14,4,5,0,27,2,6,9,16,2,8,23,44,13,4,22,6
C0050,4,10,7,5,9,1,5,3,44,37,5,5,27,39,2,16,9,2,11,4,28,26,7,18,37,8,50,0,15,2,1,3,4,34,15,23,23,44,16,2,34,12,37,17,3,2,3,36,2,5,5,21,5,9,20,32,14,3,24,5
C0051,2,7,5,8,7,3,5,8,43,24,11,5,9,32,3,18,11,7,9,5,19,16,9,10,26,7,34,5,22,6,3,3,6,40,14,18,15,33,7,4,29,7,27,12,7,7,4,34,3,11,9,18,3,9,14,23,9,5,17,7
C0052,1,12,7,3,8,5,3,9,45,16,7,4,22,28,6,19,6,9,11,5,21,14,11,18,20,7,40,1,19,8,5,3,5,21,7,12,19,27,15,1,29,13,26,14,6,3,7,36,1,9,7,17,5,6,22,31,6,7,18,7
C0053,2,5,2,2,4,5,5,8,40,24,5,5,12,28,1,12,3,5,11,3,20,26,5,22,33,7,48,2,19,2,3,1,4,34,13,17,16,38,18,4,32,13,35,11,9,4,2,39,5,6,7,10,6,2,23,38,11,5,25,4
C0054,1,6,4,12,4,5,4,12,47,23,11,10,17,22,2,19,7,6,8,3,25,19,11,20,30,7,38,2,21,4,4,4,4,32,12,19,22,46,11,2,23,14,34,16,13,2,3,26,3,9,7,12,8,4,15,28,5,3,19,2
C0055,2,4,6,10,6,3,8,9,52,32,1,9,15,19,4,10,4,5,10,7,25,16,6,16,37,9,34,5,13,3,2,4,5,26,5,21,19,40,13,1,31,13,34,14,3,6,1,35,1,8,5,12,5,6,18,35,13,4,16,6
C0056,1,3,8,9,2,6,5,6,56,23,6,5,16,34,2,23,1,5,10,3,29,23,4,15,38,8,42,3,12,1,2,4,7,27,12,23,25,43,15,3,35,13,40,18,7,1,2,39,2,4,6,20,2,6,20,34,11,2,24,5
C0057,2,8,4,8,4,2,2,5,69,30,5,5,20,30,2,22,1,4,17,5,25,17,3,20,33,7,51,5,32,0,6,1,3,33,13,23,36,50,16,3,43,6,37,12,3,1,1,32,1,10,9,30,3,3,19,42,11,2,18,1
C0058,1,6,1,2,3,4,4,8,63,42,7,7,12,36,3,24,2,4,9,4,21,21,2,14,33,4,53,2,14,2,3,0,2,28,11,27,25,36,18,1,38,13,36,12,7,2,2,32,4,3,3,22,0,5,27,41,11,3,21,0
C0059,1,4,4,6,5,5,5,9,40,22,2,5,25,33,4,12,1,2,11,7,31,21,4,26,33,4,50,1,20,2,2,5,3,31,9,12,16,38,13,4,31,12,37,15,4,4,1,46,1,13,2,23,5,4,20,29,15,3,25,2
C0060,2,8,6,3,3,3,1,4,47,28,4,4,24,30,5,14,5,4,11,1,39,21,2,23,27,2,52,6,14,1,3,2,4,35,12,18,19,52,14,2,41,13,40,13,3,2,0,37,1,5,11,30,4,4,22,34,16,4,22,7
C0061,1,9,8,13,7,9,9,10,44,22,7,6,11,22,8,11,12,12,7,6,17,14,9,10,29,10,32,7,19,6,9,4,10,25,15,21,13,32,9,4,32,7,28,6,6,6,1,33,2,4,13,19,5,13,16,16,4,6,24,4
C0062,4,11,5,6,8,2,7,10,52,21,9,10,12,21,4,15,5,8,8,1,10,16,17,19,39,5,38,4,19,5,5,1,6,30,8,16,12,47,16,3,38,4,30,15,3,5,2,38,2,6,8,16,7,9,23,31,6,6,19,11
C0063,2,7,8,12,7,1,9,12,36,27,7,7,21,20,0,16,7,6,5,5,28,21,7,10,22,7,52,5,17,6,7,6,12,22,8,9,11,37,13,2,39,10,34,9,3,5,2,30,3,5,7,13,5,9,18,24,8,3,14,7
C0064,1,3,4,5,2,3,5,6,46,27,6,4,21,34,3,19,2,3,10,2,25,15,3,17,35,2,55,1,30,3,3,2,4,38,14,24,25,45,16,1,40,13,43,32,2,2,0,39,1,4,3,15,5,4,26,45,14,0,29,2
C0065,1,3,2,4,2,3,4,5,62,25,5,0,11,48,3,18,6,5,7,5,26,17,5,23,29,7,46,4,21,2,6,2,1,39,14,21,26,50,21,2,35,21,37,16,6,1,2,35,1,3,7,19,4,4,22,30,13,3,19,8
C0066,2,8,5,8,4,8,12,5,38,28,6,7,18,28,5,18,4,5,12,1,27,23,7,24,27,12,42,1,11,3,0,4,5,31,10,15,29,40,9,1,30,14,20,18,7,5,4,33,3,8,7,17,8,4,14,34,11,2,15,3
C0067,2,10,2,3,4,3,2,8,52,15,4,3,17,27,3,7,4,4,10,4,17,20,2,19,32,6,43,2,14,4,2,6,6,24,11,20,14,52,12,1,39,8,37,11,5,3,1,46,2,4,8,17,5,5,30,31,12,5,28,6
C0068,1,6,4,2,5,4,6,5,51,37,4,6,14,30,2,21,1,4,15,2,25,26,4,19,48,4,62,0,24,0,5,2,4,33,19,18,15,58,15,1,44,13,43,20,5,1,0,42,0,5,5,24,1,0,21,26,8,4,17,6
C0069,1,6,6,4,11,7,6,5,58,18,13,2,24,32,5,20,2,5,7,5,18,17,3,21,34,8,38,4,25,4,4,3,8,37,11,16,26,39,13,1,30,8,38,23,4,2,2,43,1,7,8,24,3,9,17,30,10,4,21,9
C0070,1,10,9,8,3,8,11,5,46,22,8,12,13,27,5,15,7,6,9,4,24,21,8,20,32,7,43,0,21,3,5,2,6,25,11,17,15,32,10,1,23,13,37,13,7,2,6,31,4,9,17,17,3,5,24,22,7,5,11,12
C0071,1,9,14,13,6,3,5,11,31,28,11,14,14,20,10,13,8,9,5,6,21,21,9,12,32,12,35,4,13,6,4,7,16,22,3,13,10,31,11,1,23,6,21,18,7,8,2,35,5,7,16,13,8,10,24,25,14,3,26,5
C0072,1,7,7,7,4,3,10,12,43,25,10,2,13,39,2,24,3,6,11,5,28,14,8,18,36,9,40,3,13,2,2,4,7,35,11,18,16,44,14,3,34,15,35,13,3,3,1,29,4,5,9,22,4,5,21,34,10,1,24,7
C0073,3,12,5,11,7,6,4,10,33,24,11,11,11,28,2,20,6,5,9,9,21,20,6,13,28,9,42,2,20,3,8,4,7,30,6,15,13,28,9,2,36,12,29,9,6,6,1,38,4,7,11,18,11,7,16,27,15,1,12,14
C0074,2,5,7,7,3,3,3,10,53,23,10,10,18,40,4,19,3,4,14,2,27,19,5,28,28,7,35,3,12,4,4,6,8,30,12,15,23,36,17,2,42,15,55,12,9,6,2,47,1,8,8,14,5,4,17,35,9,2,19,0
C0075,2,7,9,10,5,3,5,11,26,22,13,8,11,19,8,9,3,4,9,13,17,7,9,10,21,1,39,6,12,5,4,6,7,28,15,10,16,29,10,8,17,11,32,10,6,5,1,36,5,7,8,8,7,13,17,29,7,11,18,12
C0076,1,3,3,1,0,0,2,3,50,38,2,1,16,48,0,18,3,2,11,0,30,20,3,18,34,2,58,1,22,1,4,1,4,35,13,20,29,56,20,1,41,18,55,20,1,1,1,40,0,4,6,23,1,4,22,37,15,1,24,5
C0077,1,8,5,1,1,0,1,5,45,33,4,1,24,50,2,16,4,5,17,1,34,19,5,16,38,7,46,1,15,3,1,2,3,39,17,19,25,43,19,2,42,12,33,15,5,2,0,30,2,3,5,27,1,1,24,49,12,0,26,1
C0078,1,6,9,4,1,2,4,4,58,28,3,6,22,36,1,21,8,6,10,1,35,10,7,17,31,4,50,4,28,2,4,1,5,28,19,21,21,44,13,3,47,11,40,18,6,2,3,38,2,6,7,28,4,3,20,37,16,1,25,5
C0079,4,7,5,2,2,1,2,8,48,35,8,8,23,30,1,19,6,4,15,2,23,26,2,25,36,12,49,1,19,3,1,1,9,31,10,14,17,41,21,1,38,15,52,18,3,4,0,39,2,8,2,23,2,3,25,33,5,3,30,3
C0080,1,11,9,13,4,4,6,12,45,25,9,5,12,28,6,9,7,4,8,5,15,14,6,22,18,7,39,2,17,2,9,3,4,37,15,20,13,30,11,0,41,9,33,16,9,1,3,30,3,6,7,17,10,7,16,33,8,2,14,5
C0081,3,6,6,10,6,3,6,7,34,18,5,5,23,31,1,21,4,2,8,3,26,27,7,26,33,7,53,4,14,5,4,1,6,32,12,16,28,47,14,3,32,6,34,20,2,6,0,33,4,16,6,16,6,7,19,36,15,5,18,11
C0082,1,12,5,4,11,2,2,12,39,21,7,5,11,29,2,19,6,8,12,5,27,16,9,24,35,12,55,5,18,7,5,1,10,23,11,21,22,48,14,3,35,8,32,9,4,7,3,38,2,10,9,25,3,5,16,37,10,2,20,6
C0083,3,8,13,6,8,4,8,13,31,19,17,8,17,18,5,6,10,4,5,5,24,8,9,15,25,7,42,4,16,4,5,7,9,26,12,14,23,29,15,2,30,8,38,16,8,6,2,34,2,7,5,17,3,4,15,34,6,4,19,10
C0084,3,9,6,7,3,6,4,8,43,26,6,7,19,34,1,22,4,4,13,6,25,13,8,21,33,6,47,2,18,3,5,8,8,23,9,18,19,34,13,0,29,8,38,10,4,4,3,39,2,0,8,17,3,6,25,39,9,3,18,6
C0085,2,10,11,8,8,8,4,8,43,24,5,10,16,33,8,16,6,9,5,5,14,21,5,21,36,9,62,3,16,5,2,0,7,24,12,14,20,38,12,4,30,11,34,13,5,3,3,38,2,6,11,19,2,5,19,35,11,6,18,14
C0086,1,7,4,5,5,8,12,5,54,27,10,9,20,28,2,18,4,6,7,3,23,20,6,21,35,6,42,2,26,2,8,3,5,24,10,22,16,39,20,0,38,17,35,23,5,2,1,42,1,6,5,16,1,7,27,29,12,4,14,4
C0087,4,6,4,9,9,2,5,9,48,23,4,5,18,24,4,18,4,4,9,1,16,23,4,13,35,11,55,2,20,4,2,9,17,24,10,17,21,40,16,3,29,10,40,12,7,4,1,47,1,3,6,21,1,7,17,29,7,6,23,5
C0088,3,11,10,5,12,8,9,13,32,15,13,7,23,21,1,13,5,6,11,6,21,14,11,17,19,8,50,8,23,2,3,2,10,25,13,23,20,32,15,0,38,14,24,15,11,6,1,25,3,11,7,13,8,6,20,20,10,1,19,10
C0089,2,6,11,11,9,2,11,11,37,23,8,5,9,22,3,14,5,8,7,6,22,22,2,20,37,6,44,1,18,5,7,5,5,32,13,12,23,36,8,4,33,9,40,17,5,0,2,33,1,3,9,12,3,9,14,33,6,4,19,9
C0090,2,7,5,7,3,3,7,6,51,39,6,7,28,33,3,21,1,9,13,0,26,19,2,21,46,6,41,3,22,2,2,1,2,38,8,18,23,41,8,1,43,11,46,20,6,6,4,42,0,4,4,21,5,3,21,31,12,4,24,5
C0091,2,5,8,9,1,1,3,1,72,25,5,3,26,39,3,30,4,3,11,1,16,16,4,20,26,3,56,3,20,2,1,2,3,42,12,22,23,45,21,1,38,11,45,21,2,2,0,41,1,5,8,26,3,3,29,32,6,1,24,4
C0092,0,10,12,10,11,4,7,9,42,10,12,7,9,29,11,15,3,10,10,4,17,15,6,16,31,12,41,7,12,8,6,4,9,23,10,13,13,44,9,1,30,15,33,12,11,6,1,28,2,7,11,11,3,8,19,20,5,4,15,6
C0093,2,8,4,4,1,1,6,8,68,32,4,6,21,35,3,17,3,2,8,3,34,30,3,19,35,2,42,2,19,2,2,2,8,32,16,20,19,44,14,0,45,13,48,17,7,4,1,48,2,4,6,27,3,4,25,39,12,1,19,5
C0094,2,3,1,2,4,1,1,4,53,35,3,4,27,28,2,21,5,0,17,4,27,26,4,20,32,0,52,1,21,1,2,0,6,39,19,18,30,45,17,0,42,15,43,26,4,3,0,50,0,6,5,14,0,3,32,32,20,5,29,2
C0095,0,4,7,2,4,5,3,4,66,23,3,4,25,35,2,27,6,4,17,2,24,16,12,21,39,5,54,3,18,6,4,3,5,33,22,25,22,42,24,0,33,20,40,17,5,5,2,38,1,7,7,22,4,3,22,37,12,2,16,7
C0096,1,8,5,9,8,3,4,10,47,28,7,11,26,25,4,17,5,7,13,5,20,15,12,14,30,10,43,5,14,3,7,6,12,31,9,13,12,34,11,0,33,17,35,13,6,4,2,36,2,10,13,30,6,6,12,30,11,4,16,9
C0097,1,9,8,10,5,2,5,8,41,26,6,9,18,34,7,16,6,4,11,1,39,24,10,23,27,6,59,2,20,5,5,3,8,33,14,19,20,40,13,5,44,8,29,21,2,6,3,44,1,9,7,13,1,13,18,32,12,4,15,5
C0098,2,11,9,11,8,7,6,9,39,28,8,8,11,30,7,5,6,10,7,4,18,11,11,17,27,9,44,3,22,5,4,7,6,34,8,13,12,33,8,3,26,12,30,24,4,6,3,33,0,11,10,11,9,9,25,32,16,4,25,9
C0099,3,2,3,1,3,0,2,4,66,33,0,3,26,47,1,30,0,0,14,1,31,20,3,24,41,0,55,1,28,1,1,1,0,38,13,22,20,67,19,0,58,23,42,22,4,1,1,33,0,5,2,20,1,1,30,47,9,3,28,1
C0100,3,6,12,8,3,4,6,4,40,20,8,8,20,17,5,14,3,7,7,3,30,20,4,12,28,3,47,3,17,1,3,3,6,34,8,19,18,46,10,1,40,14,44,11,6,4,3,28,4,3,3,20,3,8,20,35,13,2,16,2
C0101,3,9,16,2,5,2,7,4,49,32,6,5,13,24,2,11,3,5,14,6,25,11,8,15,39,6,54,3,19,5,6,2,7,39,20,17,14,51,14,4,31,10,42,19,7,5,5,35,4,8,10,13,6,3,23,23,11,3,21,7
C0102,4,12,5,8,3,4,7,7,47,20,12,5,14,37,2,26,8,3,9,6,21,27,8,27,20,5,43,4,16,4,2,5,10,26,10,14,21,29,12,3,34,7,37,11,9,6,3,41,2,9,8,9,6,8,21,27,10,8,22,13
C0103,2,11,5,4,10,6,5,12,48,22,10,10,17,26,3,13,8,8,7,3,11,15,6,14,42,5,48,3,23,5,5,5,9,33,5,16,15,32,11,1,29,9,36,14,9,11,3,22,2,18,9,10,7,5,21,19,6,7,11,4
C0104,2,7,6,5,8,3,11,14,40,27,7,6,22,36,3,21,4,7,14,9,20,14,6,17,26,4,35,3,14,6,3,6,6,35,9,11,13,38,15,0,33,14,31,14,6,2,0,44,2,2,12,29,2,10,21,35,5,9,14,2
C0105,2,7,3,11,12,7,5,10,29,34,8,6,13,27,9,12,8,7,8,10,24,13,12,17,30,10,39,2,17,4,5,10,8,23,3,12,10,36,12,3,39,17,33,13,10,6,8,28,4,10,6,13,11,9,14,27,7,7,16,12
C0106,5,16,5,5,8,7,11,8,42,28,14,8,22,24,3,14,5,5,9,5,16,21,11,14,31,8,42,3,16,3,5,6,10,24,8,19,20,26,11,3,29,9,24,16,7,4,1,42,5,6,7,15,6,11,14,35,7,5,19,5
C0107,6,12,9,9,9,9,3,9,30,21,7,9,13,25,6,11,9,14,16,10,23,9,14,10,18,10,32,6,15,2,6,3,9,21,6,9,17,31,13,2,26,13,22,15,14,9,6,26,4,8,16,14,7,9,16,23,9,5,17,8
C0108,0,9,10,5,3,3,6,6,44,26,8,8,14,31,2,26,6,4,12,3,13,20,7,18,35,6,56,3,23,3,5,5,6,21,13,19,17,33,11,2,39,20,37,17,11,2,4,33,2,9,7,16,3,6,20,26,16,4,15,10
C0109,1,9,4,4,8,4,10,11,42,29,10,11,9,30,7,21,10,5,9,3,21,15,12,10,20,8,41,4,18,4,9,5,4,27,10,15,8,34,6,5,19,13,29,12,9,2,5,27,1,15,5,13,3,9,12,27,11,7,19,9
C0110,1,8,2,2,2,4,1,5,56,18,6,7,17,32,1,22,5,1,10,1,19,18,5,19,26,7,45,2,22,1,4,3,1,29,7,21,32,50,13,2,49,19,55,18,5,1,3,48,2,2,5,22,5,6,20,37,15,3,33,6
C0111,0,1,1,1,5,2,3,4,51,34,4,6,14,35,1,22,3,2,21,1,29,15,1,20,43,2,52,4,28,2,4,3,2,29,14,22,27,51,13,3,40,17,46,28,5,2,2,39,1,0,5,15,0,4,19,43,9,2,27,0
C0112,0,4,3,3,7,4,6,3,56,30,7,8,24,27,3,21,6,5,20,1,26,22,7,22,39,8,54,3,20,2,9,4,3,45,6,21,20,40,16,0,40,15,40,21,3,6,2,40,0,4,4,18,6,4,31,33,8,7,19,3
C0113,0,11,5,6,8,3,9,11,36,35,6,6,12,21,6,15,5,8,13,0,29,14,9,14,37,6,50,1,23,1,5,4,4,25,16,16,25,37,14,2,25,13,35,7,9,2,0,29,0,9,8,15,1,7,24,26,8,2,14,7
C0114,2,8,3,2,3,2,4,4,53,39,3,1,19,31,1,12,7,5,15,2,24,29,3,19,28,7,57,4,24,1,9,3,8,36,13,22,18,37,12,3,40,12,43,15,2,4,0,43,0,6,6,7,2,4,22,43,11,4,23,2
C0115,1,4,2,2,1,4,3,7,49,32,2,5,23,50,0,22,2,3,12,2,27,18,1,27,37,2,60,0,23,2,1,0,6,31,13,16,21,43,11,0,51,14,42,15,4,1,1,45,1,2,1,18,5,4,24,36,13,2,20,1
C0116,1,2,3,8,4,1,3,3,58,27,9,1,27,38,3,15,5,2,8,9,32,27,6,20,39,4,47,2,21,2,4,4,5,36,16,18,9,48,24,3,49,21,38,19,2,3,1,44,3,8,5,15,4,5,24,37,10,5,24,3
C0117,1,4,6,2,5,3,5,5,52,27,5,4,17,36,2,25,9,2,21,5,22,21,4,19,38,3,53,2,25,2,2,0,5,27,13,23,25,50,18,2,36,13,39,14,3,2,0,42,2,5,2,17,4,7,21,40,9,6,24,6
C0118,1,11,4,7,10,2,9,14,49,22,10,7,9,27,7,19,1,8,15,5,29,13,10,24,27,7,44,0,9,4,2,5,8,25,11,13,12,35,12,6,25,13,27,13,9,6,1,25,2,6,7,19,5,5,25,30,16,4,18,10
C0119,0,9,8,9,8,3,6,10,40,25,5,10,10,22,3,18,3,4,11,5,22,16,14,21,26,4,54,2,19,4,2,5,6,25,13,15,16,32,11,4,35,12,21,21,7,7,1,38,4,10,12,12,7,10,19,46,12,6,23,4
C0120,1,4,8,4,4,2,7,8,49,23,8,4,18,29,4,11,4,7,17,2,14,27,8,29,40,6,63,6,13,2,5,1,5,22,9,19,23,36,13,3,42,16,46,15,6,3,1,45,2,6,8,26,5,7,15,44,16,3,19,9
C0121,1,13,10,4,7,5,9,8,35,23,11,7,15,24,5,14,10,11,9,4,21,14,7,20,31,7,19,4,19,4,4,4,6,25,12,18,19,39,10,2,28,9,34,17,11,7,4,36,1,12,8,26,2,4,16,32,16,1,20,4
C0122,1,5,3,5,1,3,7,2,51,32,4,8,25,42,3,22,1,1,13,5,33,20,3,22,37,5,66,0,24,0,1,1,2,39,8,17,18,59,21,2,37,14,48,25,2,1,0,42,1,1,6,17,1,4,17,29,13,1,21,1
C0123,4,10,12,10,7,1,5,12,39,21,11,3,14,32,4,11,9,6,7,2,18,18,3,14,41,9,50,5,15,2,8,5,6,21,9,15,21,47,18,2,38,14,36,18,10,1,1,40,2,10,11,22,6,9,18,33,11,3,24,7
C0124,2,3,5,5,3,2,2,5,62,26,6,9,23,44,7,25,3,2,13,2,27,13,1,31,36,6,50,3,14,2,2,0,2,39,12,21,28,40,14,5,36,13,46,13,10,3,1,43,1,8,7,19,3,3,19,33,9,1,29,4
C0125,3,12,9,11,10,5,4,11,50,23,8,14,17,27,4,12,3,9,11,8,23,19,7,16,20,6,43,4,10,4,3,7,6,27,5,18,12,30,6,3,34,11,18,14,4,1,2,27,4,12,9,18,7,8,11,37,3,5,14,9
C0126,2,5,6,8,9,3,4,6,44,20,9,2,20,22,2,17,4,5,13,2,20,21,5,15,30,4,38,4,17,7,3,2,4,24,9,21,18,47,12,3,33,4,34,14,4,9,2,39,1,6,6,15,1,8,16,30,16,3,25,10
C0127,0,4,3,3,1,0,4,2,56,39,1,2,24,39,0,27,2,3,11,2,37,22,4,19,40,4,63,0,20,3,2,1,3,31,14,23,21,64,17,2,45,17,56,21,0,2,4,48,1,1,2,24,1,0,18,60,7,1,27,3
C0128,1,11,4,7,10,4,8,18,50,20,8,11,15,27,6,13,8,3,8,7,18,23,9,13,38,7,33,5,14,0,6,2,8,20,13,11,16,36,13,0,21,11,30,15,5,6,3,28,1,7,13,12,9,14,23,32,8,3,19,7
C0129,4,5,2,4,7,4,5,3,48,29,9,2,15,33,6,22,8,7,9,1,21,16,9,20,41,11,51,2,23,3,4,5,9,33,10,14,20,34,14,1,27,15,49,10,2,3,2,49,2,2,6,20,0,4,19,29,11,6,18,7
C0130,3,6,9,5,8,4,3,17,31,28,7,11,9,25,4,13,3,13,13,6,22,24,13,13,31,6,36,6,14,5,7,1,5,19,11,10,17,31,16,1,30,9,28,12,10,9,2,31,1,11,10,12,7,12,19,36,14,4,17,10
C0131,5,10,2,6,8,8,6,8,51,25,10,8,9,33,2,19,9,7,18,6,29,29,8,19,23,9,46,6,13,2,3,1,11,33,12,13,28,43,12,4,36,12,42,24,7,5,2,34,2,6,7,15,5,7,32,25,7,5,12,4
C0132,1,5,2,4,6,0,3,6,57,36,4,7,25,48,0,24,2,2,7,2,30,16,5,20,31,1,52,2,24,2,2,1,3,34,13,20,25,55,15,0,37,16,79,16,2,0,2,37,0,8,4,25,2,6,27,32,17,3,33,2
C0133,4,5,9,8,7,3,4,7,30,24,2,9,15,26,4,18,3,5,11,3,21,16,8,15,27,5,46,1,21,3,3,5,3,30,9,21,25,38,12,1,32,14,37,20,8,1,2,23,1,7,6,20,7,3,25,27,11,3,22,9
C0134,2,6,5,10,8,3,8,10,41,20,7,9,13,23,7,16,8,5,10,4,20,10,9,13,37,10,47,4,14,5,8,4,10,16,11,13,18,25,8,1,33,9,25,12,9,4,2,28,1,11,15,11,7,10,17,34,9,7,10,7
C0135,3,8,4,9,9,1,5,7,38,20,8,9,19,38,6,24,6,6,9,2,17,19,6,21,36,7,38,2,19,4,3,6,2,16,12,25,13,31,17,2,39,17,32,5,9,5,3,41,1,9,7,18,6,8,12,28,5,4,22,4
C0136,3,6,1,5,5,2,4,8,66,25,12,4,19,28,1,13,4,3,15,0,22,14,5,14,41,5,47,1,24,2,5,1,3,30,13,15,33,32,13,2,45,10,51,26,3,3,2,40,3,5,10,24,0,4,21,45,19,3,32,3
C0137,3,9,11,4,3,7,13,8,39,25,8,6,15,26,2,13,9,6,8,3,27,28,8,14,20,7,49,5,19,4,4,4,13,33,14,22,23,35,17,4,34,15,36,16,5,1,1,29,2,4,10,14,11,5,24,31,8,7,19,11
C0138,0,1,6,2,3,5,6,6,52,29,3,9,15,34,5,18,1,6,9,6,16,19,2,22,42,5,56,1,32,4,4,0,5,35,9,24,27,44,19,2,32,11,48,15,4,1,2,38,1,4,4,22,9,3,19,46,5,2,28,3
C0139,3,6,9,6,8,3,7,4,48,20,4,7,12,26,2,15,4,5,10,1,25,18,10,26,41,7,43,3,17,1,1,4,7,20,13,25,21,43,18,2,37,16,41,23,8,2,1,39,0,6,8,18,5,7,23,38,2,2,22,8
C0140,3,7,6,9,6,7,6,9,34,22,9,11,20,36,1,10,10,7,11,4,26,18,7,12,37,6,39,4,14,1,11,6,9,32,8,21,18,28,8,2,33,9,35,14,5,2,2,37,3,9,6,15,4,11,18,30,15,3,18,8
C0141,0,3,3,3,3,0,1,7,51,25,6,4,17,42,0,13,3,7,18,1,32,22,0,23,41,1,55,1,19,4,3,0,5,40,16,20,28,41,21,0,42,17,43,20,1,1,1,38,0,3,2,26,4,2,23,42,9,1,20,0
C0142,0,3,3,6,5,3,7,5,56,29,7,4,21,32,3,13,1,9,14,2,25,18,5,12,41,7,65,3,18,2,4,6,5,35,12,24,19,35,22,2,32,18,39,15,3,2,1,31,1,4,7,19,7,7,22,31,14,4,19,4
C0143,0,0,4,3,1,1,0,4,60,32,3,3,27,39,0,21,3,1,13,2,29,18,2,24,53,2,72,1,22,3,3,1,1,29,15,28,22,56,26,1,34,18,37,29,0,2,0,37,1,2,2,22,1,3,24,45,12,0,27,2
C0144,0,8,4,9,8,6,4,8,45,25,14,12,26,25,7,18,4,10,13,3,22,14,10,19,20,6,44,5,17,8,5,12,10,20,10,19,9,38,17,0,27,15,25,15,6,3,3,40,2,13,5,14,2,9,13,35,7,4,15,5
C0145,1,9,9,5,5,8,9,11,46,27,9,5,18,25,4,19,3,5,9,3,28,15,12,23,34,10,51,2,10,2,4,6,3,28,6,14,18,44,17,2,36,15,28,18,8,5,1,24,3,4,9,8,3,9,19,27,8,5,22,4
C0146,0,8,2,10,6,3,6,5,62,33,6,5,28,35,3,16,3,4,14,3,28,19,7,18,34,2,40,1,23,3,4,4,6,29,11,15,21,30,20,1,31,14,41,12,6,2,2,35,2,3,5,17,6,9,20,39,5,3,23,2
C0147,2,11,6,12,13,4,5,6,38,27,13,9,15,27,2,19,5,7,5,4,21,19,8,27,32,6,45,2,21,3,4,5,6,31,7,16,19,24,13,2,27,12,42,11,8,5,1,33,2,9,9,13,4,8,19,26,11,4,12,8
C0148,1,4,1,5,3,6,1,4,45,34,1,3,21,42,2,21,4,7,16,2,33,23,3,23,31,3,43,4,12,1,3,2,1,31,10,20,20,53,16,1,52,17,45,27,4,2,0,51,0,10,3,18,6,8,37,32,17,2,30,5
C0149,0,2,1,1,0,2,3,4,56,26,0,5,21,41,0,20,1,1,19,2,26,27,3,21,31,5,58,1,22,2,3,1,1,30,12,31,23,55,20,0,33,16,54,21,0,2,1,48,0,2,3,18,0,3,31,35,8,1,19,1
C0150,4,12,5,9,10,7,7,5,40,16,4,8,21,17,6,13,10,7,8,5,22,12,7,17,26,15,27,8,16,4,7,7,10,17,9,19,17,39,15,1,26,15,26,13,11,5,0,29,4,5,9,20,6,7,12,37,7,5,18,6
C0151,1,7,3,4,2,1,3,3,54,30,7,4,27,29,2,22,3,3,9,2,26,17,4,19,36,7,53,1,14,0,5,1,2,38,9,24,19,53,22,4,42,9,34,23,3,7,0,42,3,4,8,15,5,4,28,27,13,1,27,3
C0152,0,11,13,12,15,5,12,13,40,20,9,8,19,25,3,20,8,9,2,7,15,20,10,13,16,7,28,6,18,9,14,5,10,19,7,14,13,30,6,6,20,7,27,11,12,4,2,32,3,8,15,14,8,8,14,27,5,5,15,11
C0153,2,12,9,6,3,2,2,11,42,29,9,7,15,33,4,24,6,7,6,0,28,10,2,19,34,8,49,5,15,2,1,0,6,47,9,17,17,53,12,3,36,10,44,20,3,4,2,47,2,3,2,17,4,5,17,37,14,1,22,4
C0154,2,6,11,10,9,5,5,8,39,18,11,4,21,37,3,16,3,6,7,2,23,19,12,20,33,7,44,3,18,5,5,5,5,28,11,11,12,40,9,4,26,11,31,12,3,5,0,28,1,6,7,25,4,2,28,15,10,2,23,5
C0155,1,10,7,3,6,5,9,6,40,28,7,9,15,28,4,11,9,9,13,2,20,10,9,7,23,8,39,7,16,6,8,3,7,33,9,18,23,28,15,6,37,10,26,14,6,4,4,33,2,8,5,16,10,12,13,32,9,3,27,5
C0156,4,11,6,13,11,4,5,15,37,18,12,6,15,24,5,13,4,8,11,3,16,14,10,14,24,8,29,5,12,4,6,4,13,18,6,17,26,33,13,2,25,15,28,20,9,6,0,23,2,7,12,21,6,7,21,42,11,3,21,9
C0157,3,7,5,9,11,1,10,7,42,22,5,5,14,41,2,22,2,6,7,5,27,18,5,21,24,7,44,3,18,4,7,5,8,22,8,11,17,32,10,2,26,13,30,12,5,11,1,36,2,10,11,16,6,7,17,24,20,4,19,4
C0158,0,2,5,6,6,2,4,4,70,33,6,7,17,46,2,14,4,6,16,2,27,19,6,23,33,3,65,0,20,1,3,2,4,53,16,27,20,39,17,1,46,15,48,19,2,2,1,51,1,2,4,25,6,3,23,25,10,4,26,7
C0159,0,9,6,4,5,1,6,5,48,26,8,5,20,32,5,15,7,6,10,1,27,16,7,22,32,3,51,2,15,3,2,1,8,28,16,12,21,42,13,2,39,18,43,16,6,5,2,37,0,4,6,11,2,8,22,24,12,4,20,6
C0160,1,3,7,4,6,4,2,1,67,24,3,6,22,40,3,24,4,8,16,2,21,19,3,23,39,8,63,1,17,3,2,2,2,26,13,23,21,41,24,0,39,23,38,18,4,2,1,39,1,6,7,16,2,1,19,31,8,0,16,4
C0161,1,5,5,1,9,2,6,8,37,23,9,5,17,26,6,29,6,6,9,3,27,21,7,16,36,5,54,4,23,0,5,3,10,32,11,12,21,43,16,3,25,19,26,24,5,4,3,41,1,7,7,23,3,10,27,36,5,7,22,4
C0162,1,5,6,11,7,3,5,16,46,30,6,4,17,38,3,13,5,4,5,6,29,19,12,20,39,3,52,5,17,4,6,4,6,25,16,23,27,29,17,3,39,9,44,17,6,4,2,34,4,8,3,17,2,3,14,30,11,6,20,4
C0163,2,7,10,8,4,6,4,2,44,31,6,10,27,20,2,9,3,12,12,3,20,18,3,19,38,7,41,1,17,4,1,2,7,35,13,13,17,40,11,1,32,8,29,15,3,1,1,35,2,8,11,13,5,6,21,34,6,5,16,9
C0164,1,3,6,3,6,2,1,9,45,28,9,4,24,34,5,19,5,3,15,0,31,16,5,17,35,4,57,0,22,3,3,3,8,36,19,21,22,43,17,1,32,7,40,17,7,3,4,41,2,3,3,19,5,9,20,43,11,6,25,5
C0165,1,2,2,5,2,3,4,3,62,37,2,2,23,39,0,21,3,4,14,1,26,27,2,13,40,8,55,4,21,2,2,2,5,33,10,16,22,52,13,0,32,13,49,25,4,0,2,50,2,4,4,16,2,5,28,42,11,3,29,2
C0166,2,11,4,5,3,5,7,3,44,28,4,7,25,37,1,25,3,8,5,6,24,23,6,16,29,14,44,4,16,4,4,4,6,27,11,9,14,43,14,4,33,16,32,15,7,1,2,25,0,5,5,10,9,3,20,26,15,5,18,5
C0167,3,10,7,5,11,2,5,8,48,30,5,2,20,32,6,26,6,3,9,4,18,24,7,14,36,6,46,4,15,1,8,4,10,26,14,19,22,44,14,3,24,12,36,11,7,2,4,47,1,1,11,16,5,6,22,29,9,5,22,11
C0168,2,8,2,3,3,5,6,9,43,27,8,9,23,33,0,22,3,3,10,3,28,17,0,15,47,3,49,2,20,2,2,2,4,28,14,18,20,34,16,0,33,20,29,21,2,1,0,25,0,4,4,17,6,5,23,41,22,3,29,7
C0169,3,9,10,8,6,7,6,5,44,19,7,3,20,29,1,14,3,6,8,3,21,17,6,21,45,5,36,2,19,5,6,1,6,26,9,17,15,36,13,1,34,18,33,11,2,7,1,36,0,6,8,16,2,5,22,33,10,6,17,4
C0170,1,4,6,6,4,2,0,4,70,28,8,5,16,36,2,30,3,2,17,2,27,22,3,28,43,3,62,2,22,2,2,3,3,36,10,24,21,52,21,1,46,20,34,14,3,4,0,23,0,3,5,23,4,5,21,34,17,3,25,3
C0171,1,12,5,11,5,7,8,15,29,24,8,5,12,26,0,16,7,10,6,5,25,19,15,15,20,14,41,5,17,5,6,5,6,28,12,16,15,30,9,1,36,14,30,17,8,5,1,26,2,8,15,10,4,10,20,35,5,2,20,12
C0172,0,7,4,11,6,3,6,8,50,29,11,4,16,29,2,15,5,5,14,1,15,21,5,28,22,6,65,1,25,5,4,5,1,29,14,19,13,48,10,0,37,16,44,12,3,4,0,37,0,7,6,18,2,4,22,45,14,1,21,5
C0173,0,5,4,4,2,2,2,6,54,32,5,3,25,43,0,20,1,4,14,3,19,19,1,11,32,7,46,2,9,0,2,3,4,42,17,14,15,36,16,2,45,20,43,16,2,5,1,52,2,6,4,28,7,3,22,37,9,5,23,8
C0174,1,10,9,8,10,2,5,14,43,17,7,6,14,23,8,19,9,7,8,9,16,15,16,19,28,14,45,2,18,9,5,3,3,23,9,19,14,32,13,4,27,17,26,10,8,4,2,25,1,6,8,21,9,7,12,18,8,4,14,8
C0175,3,9,5,7,8,6,4,5,55,21,5,8,16,34,4,17,5,7,6,5,31,12,5,21,27,11,58,2,17,4,1,3,1,31,9,16,14,35,16,1,40,12,41,17,7,5,0,38,3,5,11,11,5,5,23,34,15,5,18,4
C0176,5,8,4,9,3,3,5,7,40,28,11,11,18,34,5,15,1,7,8,3,30,24,12,14,42,6,48,6,12,9,3,3,8,34,10,17,17,34,12,1,30,16,40,14,3,5,4,28,1,7,9,17,5,3,24,31,14,5,21,5
C0177,1,15,5,5,7,2,5,6,48,28,7,4,25,37,1,24,5,1,18,4,26,20,2,18,37,4,50,3,20,0,4,4,3,39,12,26,21,39,14,2,41,15,33,20,6,0,1,44,1,4,4,22,3,3,25,35,12,3,27,6
C0178,0,3,8,6,4,3,5,4,50,27,3,5,19,30,0,18,1,5,9,1,40,28,4,24,40,7,42,4,20,2,0,8,5,34,10,17,33,40,13,4,41,20,48,18,6,0,2,36,0,5,6,24,5,5,27,41,11,3,24,1
C0179,1,4,5,3,5,2,6,3,52,35,2,4,20,48,1,27,5,4,8,3,36,20,7,18,38,2,51,4,22,2,5,3,3,32,10,12,19,42,10,0,45,10,44,12,4,2,1,36,3,7,6,21,3,4,15,47,13,2,25,2
C0180,1,9,7,9,7,3,2,6,46,23,9,8,21,30,7,25,3,6,12,5,27,14,5,12,23,6,48,3,20,3,7,5,11,15,12,14,12,31,12,3,29,11,41,17,8,7,1,38,2,6,8,20,5,6,20,34,10,3,20,3
C0181,0,5,1,4,5,4,6,6,58,28,1,4,19,43,5,14,1,6,15,2,35,20,4,18,34,3,40,1,19,3,4,3,7,29,13,14,17,53,18,3,39,13,38,16,9,0,2,42,1,3,3,12,1,2,17,39,8,3,22,4
C0182,2,8,6,8,11,3,6,6,49,34,10,9,12,34,5,16,5,7,12,5,22,23,10,18,28,10,44,5,21,2,8,3,7,22,12,16,18,33,13,2,30,9,30,11,5,4,2,45,5,6,7,19,1,8,18,41,12,2,17,5
C0183,0,2,4,5,7,4,6,4,54,32,2,1,16,34,2,24,7,5,13,6,35,30,1,18,29,7,48,3,27,2,3,4,4,36,14,17,25,40,19,2,35,15,40,12,3,1,2,45,1,7,10,22,4,5,23,27,13,1,33,2
C0184,2,5,5,6,3,3,4,6,43,34,4,8,20,37,3,28,4,5,18,1,33,21,4,26,33,3,49,3,19,1,0,4,9,26,15,17,19,50,18,2,46,15,45,19,6,4,1,30,0,2,7,18,1,2,21,38,7,4,22,7
C0185,1,3,9,2,6,2,3,12,38,18,8,4,25,40,4,16,9,6,11,5,25,14,4,20,24,4,53,3,23,4,3,1,8,35,7,17,9,29,17,0,36,8,37,17,5,4,3,39,0,3,8,25,4,4,25,37,9,4,23,10
C0186,5,7,10,4,9,9,5,4,35,24,5,10,13,32,3,22,7,8,9,5,22,14,3,23,39,8,51,3,18,4,1,3,10,28,15,14,23,44,10,3,31,16,36,15,5,4,3,35,1,7,4,14,3,6,20,27,7,7,17,8
C0187,3,7,8,9,5,5,6,9,34,18,10,7,23,34,3,16,6,0,9,4,29,16,7,19,33,5,43,4,18,7,1,5,7,33,12,18,21,43,13,1,29,3,28,20,2,8,3,32,4,5,5,13,4,5,23,38,14,7,14,3
C0188,3,7,3,1,5,7,5,8,44,36,9,8,16,33,5,14,5,7,9,3,22,17,7,13,36,8,41,2,17,5,3,4,8,27,11,11,26,42,10,2,28,16,42,9,6,2,1,37,1,2,12,15,3,8,19,35,12,5,16,10
C0189,1,3,5,4,2,1,1,1,62,29,7,4,23,45,0,20,4,5,19,2,33,31,2,30,37,5,45,1,13,1,1,0,3,40,13,13,21,53,15,0,44,18,51,17,5,1,0,62,1,2,7,24,4,2,21,44,11,2,26,4
C0190,3,5,7,4,2,4,2,2,42,36,7,6,25,33,0,21,2,8,12,6,23,20,5,30,27,8,51,0,20,2,4,1,2,30,5,20,31,39,13,0,32,13,34,16,3,3,0,43,1,9,5,27,6,4,17,37,10,4,16,3
C0191,1,16,14,15,9,5,13,11,50,17,9,12,17,21,4,10,4,6,10,2,16,16,8,8,33,9,44,5,11,8,5,5,5,25,8,13,22,42,15,2,24,13,32,11,8,6,3,31,3,7,12,11,6,6,19,33,3,11,21,4
C0192,1,6,3,6,6,0,4,4,48,30,2,4,19,27,2,24,2,10,11,1,27,19,4,20,46,1,53,3,16,3,3,4,1,38,12,27,27,37,14,2,34,14,48,18,1,3,4,38,3,7,7,17,3,6,16,38,14,3,19,4
C0193,2,5,2,2,4,3,6,7,62,26,6,3,22,34,5,27,4,5,8,2,24,22,4,15,50,5,53,1,15,2,5,0,5,34,18,33,26,52,29,0,39,14,41,24,7,4,1,46,4,2,4,21,2,3,18,34,13,2,20,3
C0194,4,4,2,4,7,1,5,11,42,34,13,6,12,21,3,18,2,4,14,5,14,21,10,17,26,3,50,3,15,1,2,4,5,31,9,30,24,35,13,0,30,10,38,11,6,1,3,38,3,7,9,15,3,7,21,39,8,1,14,3
C0195,1,4,6,4,6,6,5,6,66,32,5,8,21,45,4,27,2,6,9,4,22,25,5,18,35,2,58,1,12,2,4,2,7,21,14,22,17,52,11,3,38,17,40,20,4,0,2,42,0,7,4,26,3,8,31,46,13,2,19,5
C0196,1,3,8,13,8,3,9,8,36,18,9,14,18,23,3,12,7,5,8,6,15,15,7,14,29,7,38,4,22,7,7,3,6,25,10,17,12,32,16,5,17,6,30,17,3,4,1,31,1,12,6,25,11,13,25,22,9,9,24,8
C0197,4,4,3,8,5,3,5,7,41,30,2,9,16,34,3,19,6,5,8,3,22,12,9,16,40,7,43,2,24,3,3,4,6,23,10,10,20,48,13,4,37,13,38,21,6,1,5,29,1,9,7,18,3,5,26,28,10,5,18,5
C0198,3,12,2,6,10,5,5,11,41,22,14,8,16,23,4,17,5,7,7,8,21,17,6,7,32,6,38,6,9,8,4,4,8,29,7,18,17,36,15,1,28,14,41,22,5,3,1,39,1,10,9,21,8,5,15,32,6,6,18,7
C0199,1,10,9,6,8,2,3,17,35,17,11,10,13,36,6,11,7,3,9,2,23,15,7,15,27,5,39,6,16,2,6,3,4,22,6,11,17,39,18,0,32,19,34,15,10,2,3,36,1,4,12,12,7,7,23,37,12,6,17,5
C0200,1,9,6,9,4,2,7,5,33,21,15,7,19,38,4,24,2,7,9,5,26,19,5,19,27,7,44,4,22,5,5,9,14,19,15,15,23,42,13,4,30,12,28,11,5,4,2,40,2,4,11,17,6,10,19,27,15,8,18,8
C0201,2,4,4,4,1,1,2,5,46,33,5,5,15,38,4,20,0,4,12,2,33,24,2,16,35,6,46,3,20,1,3,0,5,37,19,21,26,53,10,2,37,16,42,26,2,2,1,41,0,1,1,25,2,5,21,34,11,2,28,4
C0202,0,8,5,5,9,6,7,9,48,24,15,6,18,33,3,25,7,7,5,1,15,19,6,15,26,18,47,4,27,4,2,5,6,34,9,16,16,39,16,1,32,11,45,29,8,9,4,32,3,7,10,20,5,9,25,26,12,4,28,3
C0203,0,12,2,5,11,3,5,10,62,28,7,8,13,21,3,19,1,4,15,3,21,21,5,19,32,7,39,2,18,2,0,1,5,19,9,14,22,38,12,0,41,17,34,15,2,4,2,41,2,4,7,14,2,3,20,46,15,2,26,2
C0204,1,8,7,3,2,4,5,11,38,27,5,6,22,31,7,18,4,7,1,2,26,28,3,24,32,7,46,3,21,3,3,6,6,33,12,22,15,43,17,4,36,11,30,18,9,1,1,38,1,2,7,16,4,4,32,29,10,4,18,4
C0205,2,5,3,2,2,1,6,4,45,32,8,8,21,32,5,15,7,9,11,5,33,15,5,18,33,4,52,3,18,6,3,4,2,26,13,14,20,30,18,1,29,11,32,14,5,0,3,47,0,4,6,16,1,6,26,22,12,5,11,4
C0206,1,11,9,10,10,10,9,11,35,20,14,9,15,25,0,7,8,5,9,2,17,15,8,15,29,8,25,4,12,7,10,7,7,17,7,23,13,29,16,3,25,6,26,19,16,3,2,26,3,7,11,16,9,10,17,28,10,8,15,10
C0207,1,4,7,3,3,3,2,8,59,29,6,4,18,27,1,23,2,4,5,3,21,11,7,20,41,5,43,3,20,2,4,3,6,34,8,26,21,31,21,3,36,10,35,16,0,4,0,36,0,5,7,22,0,6,30,31,7,4,23,3
C0208,2,4,8,6,2,1,6,8,35,21,3,7,23,38,5,21,2,4,12,6,26,14,8,30,39,7,34,2,21,1,7,5,10,27,13,20,13,52,17,0,38,12,36,20,2,2,5,44,1,10,8,13,2,8,22,31,11,2,21,2
C0209,6,8,9,8,8,6,6,14,31,24,13,8,20,29,3,10,7,13,6,0,13,18,11,14,24,6,37,3,13,4,3,7,6,29,11,18,21,35,8,2,32,10,29,11,5,5,6,37,1,11,12,18,6,6,17,19,4,2,19,11
C0210,3,7,5,7,7,3,8,9,47,27,9,8,19,33,4,28,10,4,15,5,25,16,5,28,27,4,40,2,20,1,5,4,5,20,11,9,17,34,10,3,38,12,42,18,5,6,2,32,2,9,6,17,4,4,15,24,10,4,20,8
C0211,5,9,10,7,10,3,9,5,46,24,16,5,19,35,4,16,5,7,8,2,31,20,2,16,46,10,55,6,16,5,8,11,9,21,10,15,17,31,12,1,26,14,29,13,11,7,2,32,3,10,11,28,5,11,17,35,8,3,18,6
C0212,2,3,3,2,6,2,1,5,66,37,4,4,24,51,1,23,3,1,10,5,34,27,2,22,49,3,67,2,21,0,2,0,5,27,17,22,22,46,16,0,35,13,33,20,2,1,1,55,1,1,2,19,2,3,18,45,12,1,29,2
C0213,5,7,11,11,8,4,6,5,39,22,13,7,17,29,5,13,8,5,11,3,15,14,11,15,30,14,35,7,19,3,7,9,17,22,9,6,9,36,7,0,34,8,35,22,12,5,5,26,4,8,17,9,6,12,16,24,8,2,16,8
C0214,4,10,5,7,9,6,7,10,24,32,7,6,18,35,5,20,9,10,8,3,28,22,8,21,26,6,42,1,13,5,3,4,5,25,9,13,17,42,17,2,22,7,36,14,3,3,7,28,0,6,9,18,4,9,14,25,13,3,24,6
C0215,0,4,1,5,2,2,3,0,67,34,3,3,17,31,1,27,1,5,10,2,30,23,3,21,26,3,70,1,27,4,2,1,0,34,6,24,28,44,13,0,47,12,46,18,3,3,0,43,2,5,0,16,1,2,26,39,14,1,35,1
C0216,0,3,2,6,3,3,3,5,44,18,3,3,18,34,5,25,5,3,11,2,25,21,9,28,32,4,42,0,19,4,1,3,1,32,20,21,22,40,17,1,43,17,46,21,3,2,0,44,0,1,4,17,4,5,13,40,14,3,22,3
C0217,4,9,3,5,5,3,5,6,50,20,4,10,15,24,6,18,4,4,6,2,29,26,2,20,37,4,42,2,16,4,2,3,4,19,17,17,18,36,14,4,38,20,33,21,5,3,3,23,2,7,8,16,3,4,12,23,7,3,22,6
C0218,0,5,5,8,6,1,10,9,50,31,9,4,14,29,4,29,3,4,11,5,24,20,3,18,41,5,45,1,20,8,4,2,10,28,7,19,18,35,21,2,32,10,26,15,5,3,2,36,1,4,9,26,2,5,25,33,12,4,16,3
C0219,1,3,6,2,5,4,3,3,70,33,1,6,20,28,3,28,3,4,12,2,26,12,3,22,33,4,45,0,19,0,0,3,5,28,16,17,21,50,22,0,38,15,53,22,3,2,0,57,0,3,7,33,0,3,25,42,17,3,36,1
C0220,2,9,6,7,7,6,6,7,40,26,6,13,16,33,6,17,5,7,8,5,22,21,6,19,24,6,40,4,24,7,3,3,8,14,9,19,16,34,18,3,40,17,37,10,11,11,4,40,5,11,9,16,4,10,22,32,8,9,21,6
C0221,2,10,4,5,4,5,3,3,35,25,6,9,15,32,6,21,6,5,9,5,13,20,6,20,31,7,37,1,16,5,5,5,4,24,6,25,20,39,8,0,32,9,29,17,12,4,2,27,1,8,6,18,2,7,17,27,9,4,11,8
C0222,3,8,7,6,1,4,4,6,35,33,7,5,15,30,4,22,5,4,13,2,23,28,10,23,36,7,48,5,18,3,5,0,5,32,17,19,24,29,15,2,40,12,46,16,2,4,2,52,2,5,5,13,4,4,34,34,9,2,25,2
C0223,2,9,5,6,4,4,10,5,33,26,4,6,18,34,4,13,1,7,8,3,32,21,5,21,44,8,50,3,20,1,1,3,3,30,9,25,17,33,23,3,33,18,40,16,9,6,3,38,4,7,10,22,5,5,29,34,5,4,21,1
C0224,2,9,6,5,5,2,9,6,42,25,6,4,20,28,1,19,0,3,15,3,29,19,3,16,37,5,60,3,20,1,1,0,2,31,8,23,23,39,19,2,35,11,30,17,5,5,2,39,1,2,2,19,5,1,22,41,14,3,20,1
C0225,1,6,4,6,3,4,3,4,43,38,3,2,25,35,2,22,2,3,12,3,22,22,3,16,33,4,46,1,32,0,1,2,7,26,12,13,22,51,12,1,54,10,38,11,2,3,2,39,2,4,2,19,6,1,16,28,9,3,25,5
C0226,1,9,6,4,5,4,5,8,50,22,5,2,13,27,5,21,5,3,9,1,26,23,6,28,39,3,43,6,25,4,4,2,1,34,9,15,25,33,16,2,37,14,29,21,2,5,0,43,0,6,4,18,2,3,28,35,10,1,21,4
C0227,1,9,10,13,7,2,6,8,36,31,8,4,21,32,5,19,9,5,15,3,24,20,10,24,34,4,43,5,12,6,5,2,9,24,13,28,24,40,18,4,44,10,32,11,7,2,1,29,1,6,9,23,2,9,29,35,14,3,23,5
C0228,1,5,3,9,3,3,6,5,51,26,7,11,22,26,1,18,3,6,13,6,20,22,8,24,29,7,36,3,25,1,3,0,3,30,21,28,30,39,16,0,35,14,35,19,2,4,2,33,1,4,3,18,5,5,28,30,8,2,25,6
C0229,3,7,7,6,7,5,7,18,40,17,8,9,22,33,5,14,3,10,9,3,15,8,5,14,33,7,38,3,18,3,6,5,6,25,6,12,15,27,11,3,27,17,29,16,10,6,2,25,4,12,14,12,11,9,21,24,9,6,20,9
C0230,1,7,4,10,8,3,3,9,37,23,11,6,19,22,3,18,4,6,10,2,21,22,7,12,22,7,41,2,22,4,4,2,5,30,16,19,18,38,16,0,22,10,47,13,4,3,4,37,2,3,8,17,1,8,16,31,6,2,19,4
C0231,1,6,3,7,4,4,2,7,50,22,5,4,23,47,3,24,3,3,23,2,21,21,2,20,32,5,51,1,15,0,1,5,6,30,16,20,20,55,14,1,44,19,44,29,4,4,0,37,1,3,5,27,4,6,25,35,14,6,27,4
C0232,3,13,5,6,9,0,8,4,52,25,7,6,20,29,0,17,4,5,5,3,26,14,5,21,29,4,48,1,14,6,5,1,8,26,8,20,19,40,21,2,28,8,45,13,3,1,1,34,1,5,8,19,1,3,18,33,9,2,18,5
C0233,3,7,6,4,4,5,6,10,33,22,5,2,9,31,3,25,5,1,17,7,23,19,4,15,38,10,52,4,14,2,5,4,7,35,11,13,13,49,9,4,39,9,38,15,4,5,3,39,2,9,6,18,6,10,20,31,16,6,27,2
C0234,2,7,8,10,10,3,9,6,43,30,4,6,22,33,1,19,5,7,14,1,20,26,4,18,31,6,44,4,19,3,4,2,7,25,14,20,25,26,20,1,30,21,42,20,8,4,1,44,4,7,5,17,5,5,23,25,11,4,18,8
C0235,3,10,10,3,3,4,3,7,40,22,4,5,22,28,3,14,9,6,11,3,26,17,4,11,21,8,53,4,27,3,7,5,17,32,12,14,15,37,13,2,42,13,39,16,6,1,3,32,1,12,10,17,6,5,28,29,9,3,21,9
C0236,1,2,3,3,3,2,2,2,56,44,1,3,26,26,0,20,4,3,14,1,26,19,1,24,41,6,49,1,14,2,2,1,2,32,14,23,17,46,15,3,47,16,30,22,3,2,0,33,2,2,3,15,1,6,26,31,12,3,34,0
C0237,3,8,12,1,6,2,9,7,44,28,7,12,18,29,1,16,4,6,12,2,26,11,6,15,27,6,48,2,14,1,4,2,6,26,16,13,20,42,20,0,32,13,29,14,6,2,2,24,1,3,12,16,4,7,37,38,6,5,16,6
C0238,4,12,7,10,8,4,13,12,45,25,11,10,13,21,4,11,6,7,5,8,14,17,8,16,24,10,35,3,17,5,5,4,8,28,13,12,20,38,14,4,29,12,24,13,9,9,1,32,3,7,12,13,6,10,14,27,13,7,23,6
C0239,0,6,4,5,2,2,4,3,50,24,4,2,21,40,1,17,3,2,18,4,24,15,6,28,41,4,55,3,19,5,1,1,6,30,11,16,20,52,18,0,30,20,30,17,5,5,3,41,2,2,4,22,7,6,21,26,7,4,18,4
C0240,4,8,6,7,1,6,7,8,46,24,11,9,19,36,5,19,0,4,9,4,25,17,8,14,37,9,40,1,19,1,2,5,8,38,13,17,19,37,13,1,33,15,37,22,1,3,0,38,2,7,8,28,3,4,24,36,8,8,22,7
C0241,2,14,7,11,6,4,8,12,23,26,13,10,18,41,5,12,5,10,10,11,21,17,7,17,29,10,32,6,17,4,11,8,13,20,6,21,14,23,15,1,21,10,29,23,7,6,1,26,3,12,11,14,6,12,13,27,13,8,19,15
C0242,2,2,2,2,4,2,3,2,61,32,5,1,20,33,3,17,3,3,3,0,39,20,4,25,44,3,57,4,21,0,2,3,2,36,18,26,21,56,22,1,42,12,52,19,2,1,0,31,2,3,3,16,3,1,32,45,7,1,18,2
C0243,2,3,5,4,6,1,5,4,56,21,3,7,15,28,4,12,3,2,9,1,39,20,6,19,30,3,49,2,24,1,2,1,4,27,13,24,19,41,13,2,41,9,35,12,7,8,1,37,2,4,6,19,4,1,20,37,12,1,23,7
C0244,4,5,8,4,6,5,2,8,35,19,4,7,15,42,6,20,2,4,12,4,32,18,7,19,30,8,45,4,21,4,2,6,9,39,9,19,19,53,14,2,38,14,36,17,4,7,0,46,1,9,7,24,1,8,24,34,7,4,17,4
C0245,3,3,4,2,4,0,1,2,63,32,10,8,17,46,4,16,2,6,15,5,34,29,6,18,41,3,54,3,20,2,2,0,5,28,10,24,23,42,26,3,38,16,46,16,6,4,3,39,0,6,3,22,4,2,20,25,13,1,27,5
C0246,4,8,8,5,15,7,12,11,47,10,4,13,11,18,4,13,7,10,5,6,24,14,11,18,24,10,33,4,13,10,5,1,11,27,13,12,16,21,7,3,29,6,28,12,6,6,1,20,5,13,14,16,5,10,21,26,10,5,21,11
C0247,7,14,10,11,4,8,14,13,40,20,5,11,13,28,2,17,5,8,9,6,21,10,9,14,23,7,35,2,18,7,4,3,10,29,14,14,23,32,18,0,26,8,29,15,5,3,2,24,1,2,14,23,8,7,12,30,6,4,18,4
C0248,1,13,6,8,9,5,8,11,48,19,12,9,20,27,6,11,2,8,9,6,26,10,4,22,29,5,32,3,21,5,3,4,7,37,5,17,28,44,10,5,30,15,34,13,7,6,2,30,2,9,8,19,10,4,15,24,9,4,11,5
C0249,2,4,7,12,7,4,7,9,43,17,9,13,7,28,5,11,6,3,11,8,24,14,9,21,32,6,45,4,19,6,5,6,6,29,5,19,16,26,15,2,26,9,36,22,10,5,2,31,1,12,12,8,4,6,22,37,7,4,22,6
C0250,1,9,6,3,7,2,4,6,41,25,3,7,26,33,4,21,4,11,9,2,31,23,3,18,39,5,54,3,18,6,5,4,2,22,10,16,21,44,16,2,31,15,37,22,4,2,1,38,1,5,6,21,5,3,20,42,15,2,24,6
C0251,0,4,5,2,3,7,3,8,66,24,6,7,19,31,2,19,6,1,16,3,32,24,5,24,36,6,39,2,26,1,1,6,3,34,11,24,20,50,21,2,41,8,36,15,4,6,2,41,2,6,5,26,3,8,28,37,8,6,25,3
C0252,1,5,4,3,6,2,0,7,43,34,4,6,23,36,4,21,4,5,10,2,30,23,2,30,39,4,59,3,24,2,2,2,2,39,13,11,27,39,17,4,40,15,45,22,2,4,0,43,0,4,6,25,3,6,29,43,8,1,19,3
C0253,0,5,2,6,3,3,5,5,38,19,3,5,18,26,4,20,1,6,8,5,22,22,11,17,38,5,43,2,19,5,2,0,5,28,9,19,21,43,20,1,33,14,48,26,3,5,1,42,1,11,9,19,3,6,30,31,11,3,22,6
C0254,1,7,5,3,8,6,13,12,47,23,9,6,14,25,5,9,6,10,7,3,21,20,6,18,29,7,43,2,20,4,2,5,7,16,8,18,18,33,9,5,31,11,24,10,9,5,4,29,2,11,4,12,6,8,17,31,14,4,19,11
C0255,2,8,8,13,5,6,5,15,46,29,9,9,16,35,3,17,5,10,10,3,31,14,9,18,25,10,65,0,16,2,3,2,8,19,13,16,12,31,11,1,33,10,37,13,2,4,3,34,2,5,5,12,8,3,21,33,9,4,20,2
C0256,0,3,8,8,5,3,7,6,31,27,11,11,14,22,4,20,9,5,10,3,27,19,10,16,27,8,47,9,18,2,10,6,8,20,4,17,19,33,11,1,36,9,40,15,10,6,1,23,1,11,10,18,4,9,17,34,8,8,13,6
C0257,3,7,6,11,7,4,7,5,47,20,4,4,22,31,2,16,8,8,10,5,21,12,9,17,29,17,59,3,21,3,6,8,8,16,13,14,17,35,15,1,29,12,30,18,6,4,4,26,1,9,9,9,8,9,19,25,18,4,23,3
C0258,1,6,4,4,6,4,4,9,46,28,9,3,15,27,5,15,7,3,9,6,28,9,6,20,23,1,44,1,23,3,5,2,5,23,16,13,31,40,15,6,39,9,30,18,8,5,2,33,0,8,7,23,5,11,26,31,13,1,20,12
C0259,2,6,4,12,8,7,10,8,56,23,7,4,20,38,2,19,12,2,10,4,20,17,8,21,42,7,36,5,17,6,8,2,8,26,10,13,14,44,10,1,35,13,36,19,6,6,1,30,2,10,11,22,4,5,20,38,10,8,27,5
C0260,1,6,5,7,10,3,4,10,42,29,7,10,22,27,3,19,9,6,7,6,23,16,7,19,27,20,54,5,20,6,6,3,9,27,11,8,15,41,11,1,23,8,42,14,6,8,2,36,0,8,14,11,4,6,17,37,14,6,15,8
C0261,3,6,6,6,12,3,6,9,43,27,6,6,25,43,3,10,3,8,6,3,20,17,3,13,22,7,39,2,15,3,1,2,4,35,12,19,19,24,15,1,36,15,39,11,8,2,0,33,2,11,5,13,2,7,17,26,12,7,19,4
C0262,4,5,9,8,7,7,6,6,53,27,6,9,17,22,6,16,7,3,14,4,27,10,8,21,27,10,46,0,13,0,6,3,4,24,7,15,17,31,14,2,20,16,37,11,4,7,3,23,0,6,10,14,1,5,21,34,9,8,21,8
C0263,1,4,3,2,2,1,1,4,62,35,2,7,17,38,1,18,5,7,9,1,31,24,2,24,44,5,45,2,29,1,1,3,3,33,16,23,37,48,8,2,34,20,34,25,3,1,3,55,0,5,9,25,2,2,26,43,15,0,22,3
C0264,4,13,9,8,2,3,13,19,31,19,11,11,13,19,9,8,5,10,7,1,14,18,6,12,14,10,27,1,10,5,7,4,12,19,5,6,19,28,11,1,30,10,26,8,9,3,3,25,3,11,16,8,9,6,16,26,9,0,21,14
C0265,4,11,8,15,10,5,6,8,50,24,3,5,22,25,1,19,7,13,9,6,23,17,4,26,37,7,46,3,12,6,5,2,7,24,8,17,23,25,12,2,41,17,33,18,3,5,1,26,1,8,8,12,6,10,14,30,8,5,20,5
C0266,0,4,9,6,7,5,3,5,53,30,7,4,12,28,4,14,3,9,8,3,22,15,4,20,30,6,62,1,21,4,3,1,5,26,18,16,24,47,14,1,46,10,32,13,2,7,3,35,0,0,12,19,6,3,21,26,17,10,16,5
C0267,4,9,6,4,5,2,4,6,37,30,14,7,17,41,3,14,9,5,16,4,28,14,5,16,38,7,55,5,14,6,2,4,8,29,16,15,22,43,23,2,36,24,31,21,5,7,2,45,0,8,11,17,6,9,20,46,12,4,28,2
C0268,2,8,2,6,8,5,6,3,46,28,8,7,27,39,1,17,7,4,14,3,32,23,7,22,27,5,36,1,16,4,3,7,1,34,14,11,23,49,7,4,50,7,38,17,5,4,3,41,0,3,5,19,4,7,27,31,9,1,19,5
C0269,1,5,6,8,9,2,3,7,47,22,6,9,18,23,6,12,5,4,20,4,27,18,3,22,24,6,48,5,22,2,1,5,7,23,20,24,22,43,16,2,28,12,33,4,3,7,2,37,1,4,9,22,6,5,18,31,8,4,19,7
C0270,3,4,7,6,3,2,8,7,45,27,12,11,17,38,3,19,2,5,16,2,30,19,11,13,29,8,37,2,18,3,6,3,1,37,12,20,18,31,15,2,52,12,37,9,8,2,2,42,1,9,10,15,3,3,21,43,5,3,27,7
C0271,2,8,11,8,6,3,6,9,36,21,6,9,14,39,6,18,3,7,8,7,21,21,8,17,32,10,39,3,13,6,4,5,8,30,10,9,12,34,11,2,41,12,30,7,5,7,5,39,1,10,9,8,3,8,17,36,11,2,11,6
C0272,0,8,10,5,7,4,6,7,54,23,8,4,21,29,5,14,5,7,19,6,18,9,7,20,31,3,35,3,18,4,6,4,5,29,10,10,20,48,14,0,33,15,38,22,6,4,4,32,2,11,7,16,5,9,18,39,14,7,20,9
C0273,1,1,6,4,8,1,7,7,47,30,6,3,15,29,5,24,4,2,13,2,19,21,2,17,36,6,46,0,26,4,3,3,5,29,10,20,23,41,22,3,38,5,42,16,7,1,1,28,3,6,7,22,3,5,33,26,18,2,18,3
C0274,1,3,3,7,6,3,1,3,56,42,3,4,14,38,3,21,3,2,12,1,30,26,3,21,42,4,53,1,16,1,5,2,2,32,12,11,24,48,12,0,35,12,40,21,5,2,1,40,0,6,0,20,1,0,32,35,14,0,30,3
C0275,0,9,9,6,9,7,3,8,51,34,10,6,19,33,2,20,5,5,11,1,34,17,13,15,24,3,50,8,18,2,5,6,9,24,13,13,15,44,18,3,43,13,50,14,7,3,1,40,2,6,10,17,7,7,13,32,12,3,14,4
C0276,1,5,10,3,8,4,5,5,43,30,10,4,15,28,6,18,2,3,15,4,33,17,8,21,31,7,49,5,24,2,6,0,4,37,23,19,29,52,10,3,33,13,36,21,3,4,1,42,0,6,4,23,7,5,32,35,9,0,26,7
C0277,2,12,13,13,8,2,10,12,37,25,8,7,16,24,3,12,10,12,6,5,28,15,4,15,21,15,34,6,15,10,10,6,14,18,10,18,10,39,8,4,27,10,17,14,12,4,5,27,1,5,12,8,9,11,17,15,7,7,13,6
C0278,2,7,8,8,5,4,6,5,46,31,8,7,15,25,2,17,4,2,11,6,23,21,6,24,48,4,37,2,18,2,4,2,4,30,15,23,19,36,13,2,41,13,45,12,4,4,1,37,1,4,6,14,4,9,19,30,9,1,28,8
C0279,0,12,10,8,4,2,9,4,42,27,6,5,16,33,2,18,7,1,10,3,31,9,1,22,35,8,49,1,26,2,6,3,9,32,5,16,24,51,16,3,39,10,45,14,9,5,1,33,2,7,9,15,7,4,17,34,13,8,21,3
C0280,1,13,10,9,6,9,3,7,47,18,12,3,28,33,2,11,8,6,15,2,23,16,10,19,45,9,40,1,12,4,3,3,9,25,11,16,18,35,13,0,28,18,30,16,7,5,2,40,3,6,6,11,2,4,22,37,12,5,24,12
C0281,2,10,6,10,4,4,6,9,37,18,9,8,14,24,9,14,6,12,8,2,22,15,13,17,30,7,47,7,19,6,4,4,6,21,7,10,17,25,16,4,30,12,36,14,8,8,6,32,1,12,7,14,5,8,22,26,6,5,17,8
C0282,2,8,4,4,7,5,3,6,50,23,3,7,21,33,1,18,3,3,13,1,26,20,4,21,28,6,55,5,22,4,3,1,5,28,14,20,27,44,12,0,34,17,40,15,4,2,1,37,0,2,5,22,1,4,21,41,17,4,24,3
C0283,1,8,8,9,14,9,12,18,34,14,10,10,13,28,5,18,11,7,7,6,16,16,10,15,27,7,44,4,16,6,8,10,10,26,8,17,10,32,11,4,25,10,19,12,6,10,4,17,2,10,13,12,6,5,14,20,10,11,8,7
C0284,2,6,1,3,4,2,5,2,55,47,3,8,17,41,2,10,2,7,7,1,25,19,3,22,36,2,51,1,18,1,1,2,3,32,19,20,23,51,14,2,52,11,41,24,2,2,1,48,1,4,4,31,4,3,32,32,13,3,30,3
C0285,2,9,8,5,8,4,10,10,47,30,9,7,22,31,3,19,8,7,14,1,24,18,11,20,29,10,43,2,18,4,2,0,4,24,8,14,16,49,10,1,31,15,45,13,0,1,3,30,4,11,5,24,4,3,19,28,16,4,15,10
C0286,1,7,2,6,2,2,7,7,58,26,3,9,14,30,4,20,1,5,17,6,26,13,6,30,38,8,49,2,18,0,1,3,5,39,22,21,16,43,19,3,35,14,55,16,5,6,3,38,2,3,6,23,3,2,19,33,18,2,22,5
C0287,2,8,3,3,5,0,4,1,53,24,3,1,19,33,1,22,4,4,15,1,30,17,4,20,33,4,46,0,24,2,2,0,2,31,13,18,20,34,15,1,42,19,45,19,5,1,1,28,0,2,3,24,4,3,25,38,15,2,37,1
C0288,0,5,4,3,6,2,5,5,57,32,3,6,18,43,1,19,2,4,18,3,26,16,4,17,23,4,61,0,23,1,0,0,5,41,22,19,18,55,18,1,38,14,53,15,5,4,0,37,2,5,6,20,2,4,23,45,10,2,27,4
C0289,6,10,6,5,1,8,9,9,41,23,9,5,10,35,1,13,9,8,12,4,16,18,5,23,27,10,33,4,18,3,6,3,9,16,13,12,24,28,17,1,23,15,50,16,12,5,2,29,2,5,10,17,3,5,16,21,11,5,12,6
C0290,2,4,4,5,2,2,3,2,47,34,4,5,28,37,1,20,4,3,12,2,28,21,6,18,28,3,57,4,19,0,1,2,6,44,10,22,24,29,13,0,41,14,43,24,3,2,0,47,1,2,2,20,1,4,24,47,13,1,30,3
C0291,1,10,6,7,8,5,8,10,39,20,7,5,8,19,5,16,10,9,6,5,21,14,4,16,19,3,46,3,15,2,5,5,7,25,12,19,26,42,14,1,31,7,28,14,11,4,1,29,0,7,9,15,7,7,26,28,12,2,15,7
C0292,2,4,2,5,7,4,7,7,45,22,3,0,25,31,3,17,3,2,11,4,21,16,4,18,39,4,53,1,22,1,4,2,2,37,13,17,17,49,12,2,48,9,36,22,7,2,2,38,2,8,10,23,6,7,26,32,12,6,16,4
C0293,4,6,3,9,6,2,2,4,50,23,5,3,14,38,4,13,3,4,11,3,19,19,5,19,28,7,42,4,13,3,4,2,9,29,10,20,27,40,10,0,35,18,39,23,5,5,3,43,3,6,6,20,4,7,24,38,13,2,27,11
C0294,1,5,8,7,3,3,4,1,54,31,4,11,21,41,2,19,6,3,14,3,40,23,4,23,37,6,44,0,22,2,2,3,4,33,14,17,30,34,14,3,38,13,44,22,1,2,2,38,1,7,10,19,3,3,19,42,10,4,28,4
C0295,3,9,6,10,5,5,10,9,26,16,12,10,8,17,6,14,8,8,7,7,14,17,4,15,25,13,31,2,23,13,8,10,14,17,13,12,13,23,13,5,22,9,37,16,12,6,2,29,4,20,12,6,6,7,11,22,10,5,15,9
C0296,2,3,4,7,6,4,2,13,60,20,11,5,17,22,3,11,5,3,9,3,28,16,6,26,31,9,34,1,22,4,2,1,4,27,16,14,20,40,19,2,39,15,45,16,5,1,1,44,1,5,8,15,5,5,28,37,8,4,18,10
C0297,1,5,4,6,9,0,7,12,36,23,11,9,20,25,8,15,4,9,11,9,27,21,7,24,35,7,51,3,21,5,4,5,7,33,12,17,17,35,16,2,29,19,44,17,5,3,2,34,3,7,7,20,7,3,20,35,12,4,13,8
C0298,0,5,7,10,6,2,5,5,56,31,6,4,21,33,0,23,5,3,16,2,20,28,4,15,38,3,44,4,19,1,6,3,6,30,10,21,20,46,12,1,30,13,43,22,7,1,1,41,2,1,6,25,5,2,28,38,18,3,23,4
C0299,1,5,6,8,10,2,4,11,50,27,10,6,13,19,1,13,4,4,5,4,24,18,7,20,37,6,54,2,22,1,1,5,6,27,13,19,22,40,10,3,42,21,30,7,2,2,0,33,2,8,13,16,5,6,21,35,9,5,23,4
C0300,1,7,5,7,3,4,3,9,57,22,3,6,15,34,2,21,3,7,11,2,31,21,5,24,32,5,49,2,17,3,5,0,8,34,6,16,16,38,14,5,37,10,35,23,5,1,1,30,3,6,10,14,7,5,34,35,11,2,30,4
C0301,1,4,3,4,3,0,2,4,49,37,1,1,17,41,1,20,4,4,9,1,42,22,5,18,38,1,49,2,16,2,2,0,3,40,18,20,11,61,14,0,40,23,45,32,1,3,2,48,1,2,4,30,2,0,31,34,12,3,21,1
C0302,0,3,6,4,1,1,6,4,44,24,4,3,20,32,1,22,4,2,14,2,25,25,4,20,34,2,48,3,20,1,2,2,5,32,11,21,18,51,15,0,36,12,47,16,5,2,0,48,1,7,3,21,1,3,25,49,13,0,29,2
C0303,2,3,6,9,8,8,3,9,56,19,6,8,19,32,1,14,5,7,8,2,17,14,11,24,23,7,39,3,22,3,3,1,7,33,6,9,14,34,20,4,38,11,26,19,11,3,2,38,2,5,7,24,1,10,21,25,11,6,24,11
C0304,0,10,5,9,5,5,5,6,39,24,9,7,11,38,5,17,9,6,14,5,21,22,5,21,35,5,34,4,15,6,7,4,3,33,10,16,19,36,14,0,30,12,36,21,9,1,2,27,0,6,7,19,4,5,23,42,12,1,24,8
C0305,1,5,5,7,6,5,9,11,42,20,7,6,19,27,5,14,3,5,17,2,20,13,8,18,27,6,51,1,20,2,4,3,7,25,12,23,19,36,20,3,18,16,41,18,2,1,2,38,2,4,6,16,4,6,24,34,8,6,14,7
C0306,2,2,6,6,11,4,8,7,32,24,10,7,22,34,1,14,4,6,10,3,27,11,5,26,39,7,54,3,26,5,5,7,5,24,20,19,21,33,22,3,43,11,46,14,14,6,1,45,0,8,5,20,3,13,27,32,9,2,32,4
C0307,2,12,2,6,5,2,6,6,51,29,7,5,13,34,5,23,2,7,9,6,26,12,5,15,35,10,57,6,26,2,2,5,11,26,16,19,21,37,23,0,34,6,26,18,6,4,3,37,1,9,4,14,6,5,28,23,8,2,22,9
C0308,3,4,2,6,2,1,7,7,40,24,11,7,20,35,3,18,4,1,15,2,22,24,8,23,40,5,60,4,24,1,2,2,9,35,18,15,24,30,12,4,41,11,38,15,5,2,0,37,0,5,11,18,2,7,28,33,19,2,17,4
C0309,2,3,5,9,4,2,5,9,56,33,4,12,20,26,5,15,2,7,12,5,27,19,8,13,29,8,32,5,24,3,3,5,8,22,15,17,16,33,12,2,29,11,31,13,6,6,3,43,1,9,8,16,2,5,19,42,7,1,21,2
C0310,1,6,4,9,9,2,11,6,39,19,10,7,19,25,5,20,3,3,11,5,25,23,5,21,20,10,39,0,15,3,1,6,6,26,7,12,15,28,19,2,42,16,28,20,11,1,0,37,1,8,7,21,1,3,18,20,11,2,25,9
C0311,1,6,6,6,1,5,5,3,50,23,1,3,21,42,1,20,0,0,19,4,23,23,7,20,32,6,63,1,20,2,1,1,2,40,18,25,24,56,18,1,34,19,48,22,1,1,0,41,0,2,2,22,4,3,29,42,13,0,23,7
C0312,4,12,6,10,5,6,7,10,42,24,7,7,16,23,5,20,6,9,11,4,16,24,10,21,23,11,33,2,16,3,6,4,7,36,14,22,14,31,14,2,25,13,25,19,7,6,1,22,1,4,10,21,6,9,23,28,14,9,16,7
C0313,4,9,5,4,8,2,9,5,43,20,6,2,19,36,3,21,4,8,11,3,28,14,10,24,42,6,45,2,18,5,3,1,4,26,8,12,6,40,8,3,34,17,46,16,6,4,4,38,2,11,7,16,5,7,18,23,10,5,13,3
C0314,1,8,3,4,6,2,4,11,46,20,3,9,20,33,2,20,5,4,15,4,27,21,5,22,28,2,43,8,25,2,2,3,3,34,9,21,22,43,18,1,41,15,48,23,6,3,4,40,3,8,5,20,1,6,23,44,9,6,19,0
C0315,4,2,4,4,1,2,7,4,50,33,6,4,22,30,4,29,7,4,12,2,28,16,8,25,30,5,47,0,14,4,3,1,4,31,5,22,12,47,15,1,45,15,37,22,10,5,1,38,1,4,6,15,1,4,24,48,14,2,17,5
C0316,1,6,5,2,4,3,3,14,47,27,8,5,17,27,3,20,3,2,8,2,23,12,7,17,32,7,42,0,21,3,3,4,6,25,9,16,20,46,17,1,30,14,37,22,4,8,2,41,2,7,8,17,9,2,17,26,15,3,25,5
C0317,4,7,7,9,8,2,5,13,41,15,7,6,22,27,3,20,4,7,6,6,30,14,11,20,28,5,39,4,22,1,4,6,9,25,6,16,15,29,21,0,37,12,29,10,9,7,5,23,1,9,11,12,9,7,16,26,8,5,20,12
C0318,1,5,5,6,4,3,4,7,45,26,3,4,19,31,2,22,4,4,5,0,27,27,5,24,30,6,55,3,19,4,3,3,4,37,10,24,18,33,23,4,37,14,46,21,7,2,2,48,4,6,8,24,2,4,26,47,11,3,25,2
C0319,3,11,4,8,7,3,5,7,43,18,3,3,25,33,3,10,1,5,5,4,22,16,6,18,36,6,34,3,18,4,6,1,6,25,11,20,22,38,11,4,29,15,35,19,10,9,3,49,1,12,4,17,9,7,14,38,15,4,29,10
C0320,6,10,8,10,9,8,3,16,29,26,11,11,12,33,5,11,3,11,9,4,14,14,10,8,20,12,46,4,16,5,3,8,10,17,12,10,6,29,16,5,24,12,28,9,5,7,2,28,4,12,12,13,7,13,18,23,4,2,23,11
C0321,2,1,10,8,6,6,2,5,42,26,4,6,25,37,5,19,3,4,9,4,17,21,3,17,30,4,49,4,13,2,2,4,7,32,15,15,21,39,16,3,40,12,39,15,5,5,1,47,1,8,4,14,8,9,20,43,8,3,17,5
C0322,0,5,9,11,3,9,10,8,35,32,9,9,13,26,2,13,2,3,12,1,26,28,7,23,29,7,35,4,16,6,5,4,6,32,14,20,22,38,11,4,37,17,36,17,3,7,1,41,3,11,7,18,9,6,24,28,15,8,20,6
C0323,0,5,4,3,4,1,3,4,59,27,4,4,17,46,0,29,7,4,16,2,26,18,7,17,39,2,52,0,27,3,3,2,3,26,9,23,23,43,20,4,41,13,45,19,2,3,1,43,2,4,3,14,4,1,18,36,15,0,28,3
C0324,2,1,5,4,3,0,0,5,41,34,2,4,19,29,3,26,1,2,13,3,37,27,0,23,44,3,55,2,29,2,0,1,2,33,12,24,21,43,11,1,34,13,34,29,1,2,0,43,0,2,7,14,1,3,25,41,15,2,18,2
C0325,3,9,3,7,6,4,5,6,36,16,6,6,18,22,3,14,9,6,11,7,14,12,9,13,27,7,34,2,18,3,9,4,11,22,15,18,22,32,22,4,32,13,33,11,8,3,3,29,2,4,11,14,5,13,25,30,10,6,22,11
C0326,2,4,7,6,5,3,2,8,52,28,7,3,19,27,0,18,5,6,10,4,23,16,2,19,40,6,70,3,29,3,1,0,7,39,15,24,19,40,11,1,33,14,42,25,4,4,3,38,2,4,6,15,4,5,29,35,11,7,29,4
C0327,0,4,6,5,2,2,3,1,46,29,3,1,25,45,1,23,2,6,10,0,28,20,3,22,37,0,50,2,21,1,2,1,1,23,20,24,30,56,26,0,48,21,45,16,1,2,2,28,0,2,5,23,0,2,24,41,17,0,16,3
C0328,4,7,6,5,4,6,10,11,38,19,16,5,21,31,7,17,6,8,15,6,22,18,7,12,38,9,43,2,8,4,2,2,10,17,10,16,25,47,14,4,32,8,27,14,12,7,6,33,1,9,4,9,8,8,18,29,6,3,12,4
C0329,3,2,7,5,11,4,6,9,50,34,4,4,15,34,6,18,4,6,12,2,27,13,8,25,32,4,46,3,12,2,5,2,8,30,10,17,17,53,12,2,38,13,45,22,5,1,2,31,1,6,8,18,7,7,21,41,9,2,18,5
C0330,1,13,4,9,5,4,4,8,46,30,7,8,21,26,4,16,7,8,6,7,19,13,12,12,32,1,41,1,18,3,5,3,3,26,18,19,17,43,11,3,31,17,38,11,6,6,1,36,0,6,4,24,4,9,24,38,6,5,19,5
C0331,3,11,7,6,5,5,12,7,35,24,9,7,16,27,8,20,6,11,10,4,19,20,5,16,35,8,45,3,22,3,6,4,10,23,15,10,16,38,12,4,37,12,30,20,8,3,4,45,2,7,9,7,8,9,19,31,8,4,21,4
C0332,3,6,8,6,13,6,4,6,44,18,9,12,18,29,6,10,4,8,10,8,24,17,7,19,35,11,41,3,10,1,7,8,10,17,7,10,12,24,10,2,30,7,36,13,10,3,0,34,1,8,3,17,5,9,13,30,9,5,24,5
C0333,1,11,11,6,10,6,9,7,34,22,22,14,16,18,5,13,4,4,8,7,29,12,14,18,21,9,41,2,17,3,6,6,10,22,7,18,16,39,16,3,40,13,34,22,5,3,4,30,3,8,6,15,4,4,18,27,10,7,19,10
C0334,2,6,12,11,8,5,8,12,35,24,11,6,8,21,5,13,7,3,11,3,26,15,10,12,24,8,40,5,15,3,4,5,12,35,8,20,22,34,16,5,33,15,30,11,6,7,4,31,4,10,9,11,8,10,25,32,11,3,18,6
C0335,2,9,6,5,9,5,12,8,34,22,8,8,22,32,4,9,8,0,9,6,20,18,9,16,29,12,44,6,20,3,3,6,6,27,10,10,16,22,13,1,26,12,39,15,6,3,2,32,2,7,15,14,5,7,20,31,5,1,19,10
C0336,2,9,5,11,8,7,8,9,48,33,6,8,18,35,6,23,2,2,9,4,20,22,7,19,32,2,50,1,20,3,1,6,6,31,8,19,24,37,15,5,34,15,36,19,7,3,3,35,6,10,8,19,6,7,18,33,4,6,17,7
C0337,0,8,6,5,5,1,8,6,56,27,6,11,22,37,3,14,6,2,10,2,26,18,5,19,46,7,48,7,7,0,6,2,8,32,15,16,25,43,17,2,38,14,30,13,8,3,0,31,3,6,8,24,6,3,20,36,2,2,22,3
C0338,1,5,7,4,1,4,7,9,55,28,4,4,24,42,6,16,4,4,10,0,28,26,2,21,23,3,63,0,28,1,5,5,8,36,15,24,21,35,16,0,34,19,39,21,4,2,2,32,1,3,6,17,9,6,28,22,11,5,26,5
C0339,1,4,5,9,4,2,5,8,53,23,7,7,18,37,3,21,3,4,11,2,23,24,8,21,40,3,59,2,24,2,3,2,4,52,15,20,19,48,11,4,43,12,39,16,7,4,0,43,0,4,5,24,1,4,20,37,9,3,23,1
C0340,4,7,5,2,6,5,3,3,49,26,5,8,25,22,5,19,3,3,6,3,24,19,11,19,34,7,44,3,19,3,3,3,6,35,14,19,25,35,20,0,32,6,45,19,3,1,1,46,2,4,6,19,9,4,23,34,15,6,33,4
C0341,2,8,3,2,1,3,3,5,41,31,5,7,6,35,3,19,2,5,11,0,24,26,9,19,32,5,51,0,21,5,3,3,6,30,11,20,22,45,7,3,34,22,35,31,8,4,0,34,1,1,4,17,4,2,27,28,9,5,23,5
C0342,2,11,7,12,5,2,7,4,38,21,8,10,17,24,3,17,7,9,10,7,25,10,8,8,25,14,44,3,24,2,3,1,11,30,7,6,20,32,8,5,27,15,24,23,6,5,1,34,2,8,18,16,3,14,17,21,9,1,15,7
C0343,2,5,4,3,2,1,4,5,49,30,3,4,19,29,2,22,3,5,15,2,26,17,8,20,28,7,47,5,25,4,4,5,5,23,16,20,21,44,15,0,39,13,35,12,5,1,1,42,0,8,7,19,4,7,26,35,16,2,18,6
C0344,3,11,7,5,3,4,12,11,32,26,11,9,23,34,2,24,3,8,4,4,26,16,7,22,31,9,53,1,21,3,1,0,4,23,9,17,18,43,17,0,27,14,26,19,6,3,2,45,2,8,7,19,6,5,23,25,11,6,14,6
C0345,0,6,9,3,3,3,7,4,55,15,7,7,23,37,2,24,7,6,8,4,29,21,7,18,29,5,46,1,15,2,2,3,7,23,11,19,15,51,19,0,30,19,43,15,4,3,3,48,1,5,13,20,2,5,24,25,8,3,28,5
C0346,5,7,10,9,6,7,8,17,35,15,11,10,12,30,6,21,7,6,12,5,24,14,7,10,28,10,40,3,11,4,5,7,9,24,5,12,11,26,14,3,24,13,40,17,4,5,6,37,1,9,4,12,3,6,16,23,3,5,19,7
C0347,4,4,3,3,7,1,2,8,36,34,7,5,17,37,3,24,4,5,7,3,23,13,3,24,35,4,51,1,24,3,3,2,5,35,12,17,26,43,17,1,33,17,30,16,8,5,2,35,0,4,5,13,2,5,22,25,7,7,16,5
C0348,3,4,3,3,9,5,8,8,54,26,9,8,21,29,4,16,9,11,15,2,23,26,6,19,30,6,47,2,17,1,4,0,8,27,13,16,18,37,18,2,30,9,36,18,6,3,0,44,1,5,12,20,4,5,21,41,14,4,21,6
C0349,3,9,7,12,6,5,13,6,56,16,8,10,19,22,4,16,3,11,9,1,19,15,7,12,29,5,46,1,19,0,6,3,4,28,7,21,17,41,9,3,41,13,40,11,8,9,2,37,5,10,5,18,5,5,18,32,14,3,21,8
C0350,3,9,11,8,7,1,4,9,32,23,7,8,20,22,6,14,7,11,6,6,18,15,4,10,29,9,39,7,18,5,7,4,3,25,9,14,14,27,17,6,29,7,25,12,7,4,1,28,2,7,9,20,7,11,28,29,10,3,21,9
C0351,0,4,2,4,5,0,7,6,42,16,6,3,21,44,2,27,4,4,12,5,32,25,5,17,44,6,52,1,21,2,3,1,3,30,16,21,22,36,14,1,41,21,42,29,4,0,1,46,1,2,5,13,0,2,22,38,21,1,21,5
C0352,1,14,2,12,5,4,6,7,49,21,8,5,18,26,1,28,3,2,13,5,23,21,11,19,48,4,51,0,22,5,6,1,5,21,7,16,17,44,22,5,34,13,41,14,5,5,1,48,0,4,6,16,5,4,29,37,13,1,17,3
C0353,0,6,7,10,5,2,8,6,44,24,10,6,13,24,3,16,5,10,13,4,23,10,10,22,31,8,42,6,11,1,6,7,9,41,16,11,23,37,12,5,30,7,23,14,9,4,4,30,2,5,11,19,4,9,23,37,9,5,18,8
C0354,5,4,4,5,9,4,6,10,30,11,8,11,16,27,2,13,9,2,8,8,23,21,8,15,40,11,37,4,17,2,2,3,9,20,12,12,16,41,11,0,26,6,34,13,7,4,2,25,1,13,9,19,4,7,19,32,10,6,22,3
C0355,4,12,5,2,3,3,7,10,59,19,5,12,24,25,5,20,3,7,14,2,18,16,2,23,33,6,53,4,19,2,3,5,3,26,5,14,16,40,17,2,27,15,52,22,3,3,2,40,2,6,4,21,2,5,30,39,12,2,30,9
C0356,7,4,6,7,13,3,3,12,37,22,8,6,18,22,8,16,7,7,10,4,21,20,8,16,27,10,31,6,10,5,4,2,10,15,7,15,19,32,12,2,24,13,26,10,8,6,2,28,2,12,14,9,4,7,15,31,12,5,13,5
C0357,2,3,2,8,5,0,5,4,55,31,5,5,24,37,2,17,5,2,11,1,34,16,8,16,38,6,39,1,20,5,5,2,5,21,8,13,11,50,16,1,26,12,45,19,4,2,1,43,0,7,6,16,3,2,35,36,12,4,31,3
C0358,0,5,2,1,4,1,3,7,47,24,1,4,29,39,0,21,3,2,10,2,33,25,4,18,43,4,62,0,31,1,2,0,3,33,17,18,24,58,14,1,44,18,39,27,5,2,3,46,1,2,2,21,4,3,22,38,14,1,20,0
C0359,5,7,8,8,10,6,12,9,42,28,11,5,12,32,4,10,6,8,11,4,22,13,6,11,27,8,37,6,17,3,5,5,8,18,12,17,16,33,13,3,33,8,44,17,8,2,4,49,2,7,12,16,7,13,22,29,8,2,25,9
C0360,3,6,4,4,4,4,6,10,48,28,7,6,20,28,1,18,1,4,8,5,30,10,6,16,44,6,52,1,22,1,2,2,5,30,11,18,19,43,20,1,43,10,28,21,2,2,4,34,1,3,10,19,4,7,28,31,7,13,27,5
C0361,1,10,9,9,9,4,4,6,49,28,14,9,11,27,5,19,4,6,8,3,18,15,3,17,28,8,44,4,19,2,5,6,4,27,4,17,22,46,16,4,28,12,30,17,3,4,0,36,3,11,9,17,1,3,17,26,3,3,20,10
C0362,1,12,5,6,14,2,5,9,53,30,7,8,13,24,2,17,2,7,9,2,29,15,5,11,26,8,53,3,13,3,3,2,6,22,18,22,8,37,14,0,39,13,35,11,10,4,2,32,0,5,6,19,7,10,21,28,16,3,13,8
C0363,2,6,9,11,8,5,10,16,40,24,14,10,12,17,3,8,11,4,12,7,20,15,7,15,18,8,27,5,14,6,6,5,3,26,13,11,16,44,16,4,29,15,39,19,5,7,4,30,2,6,14,15,3,7,16,30,8,1,26,7
C0364,0,9,7,8,9,3,5,6,58,28,3,6,20,31,6,16,5,6,12,5,22,18,10,14,35,6,43,3,16,4,4,5,5,25,12,21,18,31,16,3,38,18,38,23,5,1,1,44,3,10,5,20,1,5,14,29,13,2,19,5
C0365,0,8,3,7,8,7,6,6,38,16,8,4,13,36,7,20,4,6,7,2,18,13,10,18,26,5,47,3,14,3,5,5,7,32,17,17,13,30,14,3,28,13,32,20,10,8,4,32,1,8,4,19,9,8,19,37,13,3,18,7
C0366,3,4,6,10,8,6,3,11,32,24,7,12,20,32,5,14,9,7,11,5,21,18,9,18,22,11,55,3,15,6,5,3,10,25,9,14,15,36,16,1,26,10,34,11,9,6,0,33,0,6,4,14,5,7,18,33,15,3,16,6
C0367,2,5,3,5,1,1,9,2,55,35,5,7,20,25,2,13,2,4,8,1,28,24,4,26,39,2,54,5,20,1,4,3,9,35,8,15,20,37,14,1,37,13,33,16,5,5,3,42,1,6,6,21,3,4,26,27,15,4,25,5
C0368,1,4,9,6,6,5,6,3,56,19,7,4,23,28,1,13,4,7,18,3,24,18,6,17,28,16,45,4,18,5,3,4,6,28,13,17,27,49,17,0,49,20,24,27,3,4,2,37,3,8,10,20,1,4,17,25,12,4,24,6
C0369,1,7,6,5,5,6,8,4,46,26,8,8,23,34,5,16,2,8,8,3,26,16,8,21,40,6,49,5,18,3,5,6,6,22,11,18,26,35,12,2,28,9,34,9,5,3,4,39,3,5,9,19,1,6,17,37,10,4,27,8
C0370,0,4,4,3,4,0,8,2,52,24,6,6,21,38,2,16,5,5,9,3,28,23,1,25,34,5,62,1,22,0,3,1,4,33,11,21,33,54,20,3,32,18,39,19,5,1,2,35,4,7,6,13,1,2,23,43,12,1,18,7
C0371,1,8,5,5,0,1,4,10,57,21,5,6,11,42,4,17,3,4,8,4,25,18,2,17,33,5,50,5,15,4,7,3,7,27,7,16,22,54,11,2,37,12,30,17,6,2,1,31,1,7,2,14,6,5,20,33,9,7,25,4
C0372,2,7,7,7,13,4,8,12,36,20,15,8,14,30,2,11,6,6,8,9,26,10,7,19,36,3,34,9,18,5,7,1,4,23,10,16,18,26,12,2,32,7,26,15,7,7,3,34,3,8,12,14,2,9,19,22,8,6,15,6
C0373,2,3,5,4,11,2,9,7,51,18,5,11,18,32,3,17,4,4,12,5,22,18,8,14,31,8,46,3,21,0,8,1,6,28,9,10,19,39,13,1,32,15,41,12,2,3,2,39,3,4,7,18,2,10,18,34,15,3,27,9
C0374,1,5,3,4,2,1,4,4,61,31,5,1,18,29,0,15,2,1,13,1,34,22,1,19,35,4,45,0,19,2,1,1,3,34,16,24,22,40,16,3,43,15,32,17,3,2,1,44,1,3,3,20,2,2,23,43,9,2,23,2
C0375,4,3,3,1,6,5,5,3,51,23,5,3,17,41,4,22,6,5,17,1,19,18,5,18,31,5,65,1,21,3,7,1,1,24,11,18,21,50,20,1,48,10,40,25,4,1,1,38,2,5,3,26,3,4,28,35,11,4,34,2
C0376,0,6,4,6,4,2,6,5,51,32,6,5,23,39,4,16,4,4,16,2,30,23,3,25,40,3,59,1,20,0,1,1,5,37,18,26,30,50,10,3,37,14,37,14,8,3,2,55,2,7,6,17,4,4,19,34,10,2,17,5
C0377,1,5,2,5,8,1,10,5,42,29,3,4,21,39,3,21,2,5,7,1,18,19,9,14,30,6,43,4,21,7,4,1,3,35,11,11,18,45,17,1,30,12,35,22,5,2,1,41,4,8,6,10,2,3,22,40,8,4,23,10
C0378,0,7,3,11,5,2,8,6,55,30,1,7,13,27,4,14,5,4,10,5,34,23,5,19,34,9,55,2,18,3,1,1,5,29,10,32,25,46,19,3,37,18,42,13,6,5,3,43,4,4,7,12,8,4,18,38,10,2,18,4
C0379,1,3,5,9,5,2,4,10,49,19,10,6,16,29,5,11,5,1,14,7,25,15,6,23,38,10,64,1,16,1,5,2,4,32,17,20,20,28,13,0,36,13,41,20,6,3,1,23,0,6,4,19,4,5,19,36,13,3,28,5
C0380,1,8,3,2,5,4,3,6,45,33,5,4,14,32,2,18,3,7,12,1,19,23,6,22,33,4,36,1,24,1,4,1,1,34,12,15,23,43,16,1,34,14,37,21,4,3,1,49,1,5,6,14,1,7,25,36,12,4,26,7
C0381,1,7,6,4,7,2,8,10,53,28,7,10,13,31,3,14,6,8,12,2,18,14,7,17,42,5,38,2,16,1,5,1,4,31,10,19,24,39,12,1,39,19,49,12,6,5,2,34,1,7,3,20,2,4,18,32,10,5,20,13
C0382,2,3,3,3,3,2,7,8,50,22,6,8,23,30,2,20,7,6,10,3,27,21,9,15,40,5,51,6,20,1,2,4,7,29,14,19,15,44,11,3,36,7,46,13,6,4,2,32,1,7,11,19,7,6,21,28,10,2,24,3
C0383,3,5,4,10,5,3,10,10,45,19,3,6,18,40,3,13,5,1,8,3,17,12,7,15,33,5,49,2,18,3,7,6,8,23,12,15,17,27,17,1,27,13,43,15,8,5,2,43,3,2,7,14,2,2,15,21,13,8,30,2
C0384,2,6,8,10,10,4,11,13,29,32,10,12,18,27,2,21,3,7,4,10,27,14,8,12,36,12,39,4,19,1,3,8,8,35,9,12,17,33,11,4,35,11,28,16,2,5,2,33,3,8,15,15,4,4,12,31,14,4,24,9
C0385,2,6,3,4,4,1,5,3,50,31,4,4,25,46,2,19,3,5,16,2,30,15,3,15,43,2,47,2,17,5,2,5,4,34,15,19,18,45,12,2,30,12,45,15,7,2,3,47,2,6,6,21,4,3,24,44,11,1,22,8
C0386,1,4,6,5,1,0,4,5,46,36,2,7,19,27,0,22,2,6,12,3,32,18,6,23,36,4,47,5,16,0,1,2,3,27,12,20,19,51,23,0,53,22,36,20,6,2,2,42,1,6,2,18,5,3,27,32,15,2,22,10
C0387,2,13,6,6,6,2,2,11,43,14,3,8,22,21,3,22,8,4,18,5,21,18,6,12,31,4,47,7,20,3,2,2,3,28,13,21,16,30,10,2,28,12,38,16,8,3,1,40,2,4,6,23,2,7,24,33,9,2,16,7
C0388,4,10,9,4,9,5,14,19,35,16,13,4,13,25,6,21,9,13,9,3,22,19,9,14,22,17,39,6,11,5,5,13,14,20,11,12,13,36,11,5,31,9,17,11,11,5,2,25,2,12,11,8,6,13,19,23,12,4,18,10
C0389,0,2,8,3,1,5,4,4,55,26,3,2,24,40,4,27,3,0,13,1,23,16,5,25,38,4,56,0,16,2,3,1,3,29,11,23,23,41,15,0,40,10,49,15,5,3,3,49,1,3,2,12,3,2,20,34,9,1,27,2
C0390,3,6,3,8,1,0,5,6,55,25,3,5,17,32,4,21,1,2,12,6,24,19,9,18,32,6,51,2,17,4,4,2,3,29,14,18,21,41,27,1,30,11,28,21,3,1,0,41,0,3,8,19,2,2,19,36,15,1,20,4
C0391,1,6,6,6,3,2,2,4,49,31,4,7,17,41,0,22,4,6,7,6,28,17,1,22,43,3,52,0,19,2,2,3,5,34,15,18,20,49,16,3,43,13,48,21,1,2,5,36,2,3,2,14,4,3,16,37,23,5,20,6
C0392,1,6,7,4,4,4,4,3,61,31,4,1,29,34,4,15,8,3,15,4,29,19,4,20,33,9,45,4,14,1,1,1,7,27,16,18,25,43,21,3,39,20,36,24,4,1,0,40,0,3,6,21,4,1,20,39,7,2,24,8
C0393,3,10,8,6,12,3,4,7,51,25,7,5,13,17,3,12,0,10,7,6,19,12,6,26,24,9,40,2,20,6,3,1,4,21,7,15,18,40,13,1,38,10,33,11,15,6,1,42,1,7,11,12,4,10,15,28,16,3,26,7
C0394,1,6,3,3,4,3,6,4,49,20,4,6,25,35,4,20,6,6,14,5,34,21,3,22,38,9,40,0,18,4,3,1,4,33,14,13,22,45,17,3,40,24,37,26,4,1,0,41,2,1,6,16,0,4,31,30,10,3,24,4
C0395,2,6,6,6,7,3,5,12,48,20,9,7,18,23,0,22,5,6,10,2,35,16,8,21,45,5,49,1,17,4,1,3,6,26,14,21,19,38,14,4,29,15,40,11,6,3,2,31,2,6,7,17,4,10,19,30,14,6,22,8
C0396,2,5,5,6,8,5,5,8,46,28,8,9,14,36,1,15,8,2,10,5,18,30,10,14,26,14,51,6,24,4,6,1,7,34,12,17,27,30,12,0,40,14,32,20,7,5,2,34,1,6,5,15,3,6,33,35,6,4,20,7
C0397,0,2,3,6,6,2,3,2,71,38,1,3,30,26,3,20,1,3,7,1,29,32,0,26,47,3,57,2,32,1,2,0,1,42,15,26,28,45,12,3,58,15,38,19,4,0,2,40,1,0,3,22,1,2,32,41,9,2,31,3
C0398,1,4,1,6,12,1,4,3,51,24,11,3,15,31,5,27,6,4,12,3,21,16,10,17,26,5,49,5,19,2,0,3,5,25,12,22,20,41,16,6,39,13,51,19,6,4,1,31,3,9,5,16,5,4,21,41,7,5,21,4
C0399,1,13,4,9,12,8,17,10,29,36,12,13,17,29,3,14,5,11,14,6,24,15,12,11,16,11,37,3,13,4,4,4,8,17,10,15,13,36,12,4,28,11,24,11,9,7,6,24,3,7,12,15,10,9,23,22,8,3,16,12
