"variant","pos","maf","beta","se","z","n"
"rs001",1,0.4185,0.013778,0.026243,0.525,3000
"rs002",2,0.4267,-0.004776,0.025824,-0.1849,3000
"rs003",3,0.1859,0.01831,0.032962,0.5555,3000
"rs004",4,0.3873,-0.009503,0.0267,-0.3559,3000
"rs005",5,0.3174,0.025859,0.027861,0.9282,3000
"rs006",6,0.2721,0.042911,0.029344,1.4624,3000
"rs007",7,0.3525,-0.004309,0.026975,-0.1597,3000
"rs008",8,0.1298,0.02369,0.039579,0.5985,3000
"rs009",9,0.3231,-0.000883,0.027903,-0.0317,3000
"rs010",10,0.3409,-0.011627,0.027446,-0.4236,3000
"rs011",11,0.2494,-0.013035,0.030349,-0.4295,3000
"rs012",12,0.3461,-0.03225,0.027019,-1.1936,3000
"rs013",13,0.4258,-0.012788,0.02624,-0.4874,3000
"rs014",14,0.1745,0.014162,0.034555,0.4098,3000
"rs015",15,0.251,0.00121,0.029648,0.0408,3000
"rs016",16,0.4278,-0.029644,0.026349,-1.1251,3000
"rs017",17,0.4419,-0.006873,0.026478,-0.2596,3000
"rs018",18,0.1235,-0.001347,0.04004,-0.0336,3000
"rs019",19,0.2557,0.025805,0.029549,0.8733,3000
"rs020",20,0.2873,-0.041099,0.028353,-1.4495,3000
"rs021",21,0.4145,-0.008435,0.026076,-0.3235,3000
"rs022",22,0.1313,0.000447,0.039264,0.0114,3000
"rs023",23,0.4459,-0.018924,0.025927,-0.7299,3000
"rs024",24,0.4303,-0.01744,0.026015,-0.6704,3000
"rs025",25,0.1105,0.050334,0.042029,1.1976,3000
"rs026",26,0.2703,0.027391,0.029393,0.9319,3000
"rs027",27,0.2244,0.022542,0.031238,0.7216,3000
"rs028",28,0.4151,0.001725,0.02601,0.0663,3000
"rs029",29,0.2454,0.006503,0.029901,0.2175,3000
"rs030",30,0.3893,-0.022874,0.02652,-0.8625,3000
"rs031",31,0.3529,-0.002688,0.027335,-0.0983,3000
"rs032",32,0.3801,-0.024552,0.026769,-0.9172,3000
"rs033",33,0.2236,0.004788,0.03046,0.1572,3000
"rs034",34,0.3335,-0.002686,0.027146,-0.099,3000
"rs035",35,0.0815,-0.04052,0.047511,-0.8529,3000
"rs036",36,0.3882,-0.014369,0.026359,-0.5451,3000
"rs037",37,0.0827,-0.057334,0.046793,-1.2253,3000
"rs038",38,0.1568,-0.026067,0.036271,-0.7187,3000
"rs039",39,0.4154,-0.003134,0.026178,-0.1197,3000
"rs040",40,0.3064,-0.041381,0.028187,-1.4681,3000
"rs041",41,0.2204,-0.019631,0.031611,-0.621,3000
"rs042",42,0.2412,-0.033139,0.030547,-1.0848,3000
"rs043",43,0.0938,0.023402,0.044523,0.5256,3000
"rs044",44,0.4402,-0.006118,0.025873,-0.2365,3000
"rs045",45,0.2397,0.008484,0.030457,0.2785,3000
"rs046",46,0.4343,0.001846,0.025869,0.0714,3000
"rs047",47,0.4085,0.01561,0.026588,0.5871,3000
"rs048",48,0.3168,0.033645,0.028116,1.1966,3000
"rs049",49,0.4393,0.030243,0.026626,1.1359,3000
"rs050",50,0.309,0.048177,0.028626,1.683,3000
"rs051",51,0.2034,0.061977,0.033292,1.8616,3000
"rs052",52,0.2083,0.057705,0.033012,1.748,3000
"rs053",53,0.2274,0.046453,0.032045,1.4496,3000
"rs054",54,0.3703,0.085477,0.027479,3.1107,3000
"rs055",55,0.0944,0.168978,0.047295,3.5728,3000
"rs056",56,0.3571,0.10207,0.027258,3.7446,3000
"rs057",57,0.3306,0.109375,0.027893,3.9213,3000
"rs058",58,0.1434,0.19614,0.039115,5.0144,3000
"rs059",59,0.1766,0.214324,0.035199,6.0889,3000
"rs060",60,0.2703,0.2517,0.029671,8.483,3000
"rs061",61,0.33,0.196163,0.027979,7.011,3000
"rs062",62,0.4436,0.156723,0.025937,6.0424,3000
"rs063",63,0.361,0.110988,0.027097,4.0959,3000
"rs064",64,0.2896,0.139963,0.028913,4.8408,3000
"rs065",65,0.3944,0.119637,0.026568,4.503,3000
"rs066",66,0.1501,0.117451,0.036704,3.1999,3000
"rs067",67,0.1804,0.094011,0.03354,2.8029,3000
"rs068",68,0.3864,0.111232,0.02687,4.1397,3000
"rs069",69,0.3365,0.114336,0.027597,4.143,3000
"rs070",70,0.169,0.142239,0.034902,4.0753,3000
"rs071",71,0.0959,0.142134,0.043973,3.2323,3000
"rs072",72,0.132,0.128148,0.037654,3.4033,3000
"rs073",73,0.1601,0.127262,0.035029,3.633,3000
"rs074",74,0.2574,0.078499,0.029086,2.6988,3000
"rs075",75,0.153,0.125971,0.035333,3.5653,3000
"rs076",76,0.3462,0.06424,0.027083,2.372,3000
"rs077",77,0.0829,0.108198,0.046069,2.3486,3000
"rs078",78,0.2189,0.063118,0.030763,2.0517,3000
"rs079",79,0.2703,0.071729,0.028938,2.4787,3000
"rs080",80,0.0806,0.024713,0.046302,0.5337,3000
"rs081",81,0.2952,0.062898,0.027982,2.2478,3000
"rs082",82,0.1384,0.081415,0.035976,2.263,3000
"rs083",83,0.2128,0.04918,0.031172,1.5777,3000
"rs084",84,0.3189,0.045327,0.027533,1.6463,3000
"rs085",85,0.3671,0.040912,0.026652,1.5351,3000
"rs086",86,0.2885,0.064557,0.028167,2.292,3000
"rs087",87,0.1665,0.094685,0.034582,2.738,3000
"rs088",88,0.1133,0.018071,0.039727,0.4549,3000
"rs089",89,0.1117,0.011696,0.040588,0.2882,3000
"rs090",90,0.1929,0.009874,0.032567,0.3032,3000
"rs091",91,0.3269,0.030166,0.027403,1.1008,3000
"rs092",92,0.0801,-0.000722,0.045973,-0.0157,3000
"rs093",93,0.1572,-0.002416,0.034501,-0.07,3000
"rs094",94,0.4252,0.038051,0.025893,1.4696,3000
"rs095",95,0.4225,0.026289,0.02602,1.0103,3000
"rs096",96,0.3516,0.01627,0.026957,0.6036,3000
"rs097",97,0.2032,-0.006774,0.031818,-0.2129,3000
"rs098",98,0.2706,-0.012667,0.029092,-0.4354,3000
"rs099",99,0.3553,0.020966,0.027122,0.773,3000
"rs100",100,0.3091,0.05087,0.028146,1.8074,3000
"rs101",101,0.3117,-0.023758,0.027681,-0.8583,3000
"rs102",102,0.1603,-0.036076,0.034796,-1.0368,3000
"rs103",103,0.1601,-0.023543,0.035023,-0.6722,3000
"rs104",104,0.2239,-0.002814,0.030955,-0.0909,3000
"rs105",105,0.4287,-0.024704,0.026199,-0.9429,3000
"rs106",106,0.4362,-0.030345,0.025899,-1.1716,3000
"rs107",107,0.3537,-0.009889,0.0268,-0.369,3000
"rs108",108,0.3513,-0.038275,0.027001,-1.4175,3000
"rs109",109,0.2782,0.019519,0.028837,0.6769,3000
"rs110",110,0.0808,0.064929,0.046793,1.3876,3000
"rs111",111,0.3053,0.020967,0.027812,0.7539,3000
"rs112",112,0.3896,-0.011298,0.026797,-0.4216,3000
"rs113",113,0.3581,-0.004822,0.027053,-0.1782,3000
"rs114",114,0.2475,0.006556,0.030252,0.2167,3000
"rs115",115,0.2782,-0.007447,0.02836,-0.2626,3000
"rs116",116,0.2788,0.019369,0.028081,0.6897,3000
"rs117",117,0.0805,0.042436,0.044751,0.9483,3000
"rs118",118,0.2116,0.025292,0.031009,0.8156,3000
"rs119",119,0.3065,-0.030306,0.027837,-1.0887,3000
"rs120",120,0.3867,0.016987,0.026465,0.6419,3000
"rs121",121,0.212,0.045726,0.030997,1.4752,3000
"rs122",122,0.2319,0.049582,0.030292,1.6368,3000
"rs123",123,0.2922,0.049572,0.02837,1.7473,3000
"rs124",124,0.2982,0.032147,0.027865,1.1537,3000
"rs125",125,0.3463,0.03409,0.027077,1.259,3000
"rs126",126,0.2261,0.027273,0.0304,0.8971,3000
"rs127",127,0.4201,0.02397,0.026166,0.9161,3000
"rs128",128,0.4362,0.034402,0.02601,1.3227,3000
"rs129",129,0.1664,-0.005954,0.034036,-0.1749,3000
"rs130",130,0.3481,-0.002064,0.027149,-0.076,3000
"rs131",131,0.4143,0.026709,0.026094,1.0236,3000
"rs132",132,0.3033,0.048358,0.028118,1.7198,3000
"rs133",133,0.3137,0.041505,0.02762,1.5027,3000
"rs134",134,0.4268,0.049879,0.025995,1.9188,3000
"rs135",135,0.3947,0.048125,0.026419,1.8216,3000
"rs136",136,0.2945,0.023801,0.028336,0.8399,3000
"rs137",137,0.3839,0.010709,0.026575,0.4029,3000
"rs138",138,0.1221,-0.010372,0.039698,-0.2613,3000
"rs139",139,0.3629,0.00753,0.026717,0.2819,3000
"rs140",140,0.3107,0.03812,0.027679,1.3772,3000
"rs141",141,0.1349,0.02832,0.038071,0.7439,3000
"rs142",142,0.1097,0.048482,0.040324,1.2023,3000
"rs143",143,0.2517,0.042423,0.029418,1.4421,3000
"rs144",144,0.3684,0.029405,0.026873,1.0942,3000
"rs145",145,0.3514,0.032305,0.027107,1.1918,3000
"rs146",146,0.3824,0.031454,0.026856,1.1712,3000
"rs147",147,0.143,0.030786,0.037215,0.8272,3000
"rs148",148,0.4295,0.030592,0.02611,1.1717,3000
"rs149",149,0.1886,0.03114,0.03272,0.9517,3000
"rs150",150,0.1352,0.018864,0.037427,0.504,3000
"rs151",151,0.3462,0.005646,0.026982,0.2092,3000
"rs152",152,0.1999,0.011799,0.031912,0.3697,3000
"rs153",153,0.3682,-0.001587,0.026394,-0.0601,3000
"rs154",154,0.2259,-0.016772,0.030554,-0.5489,3000
"rs155",155,0.3311,0.022972,0.027062,0.8489,3000
"rs156",156,0.3671,0.044051,0.026272,1.6767,3000
"rs157",157,0.1495,-0.005219,0.035348,-0.1476,3000
"rs158",158,0.0908,0.075337,0.044799,1.6817,3000
"rs159",159,0.1302,0.059948,0.037458,1.6004,3000
"rs160",160,0.3317,0.018686,0.027014,0.6917,3000
"rs161",161,0.4259,0.003559,0.025937,0.1372,3000
"rs162",162,0.2837,0.021582,0.028653,0.7532,3000
"rs163",163,0.3027,0.012437,0.028032,0.4437,3000
"rs164",164,0.1529,0.036532,0.03642,1.0031,3000
"rs165",165,0.278,0.0146,0.028864,0.5058,3000
"rs166",166,0.1464,0.041689,0.036798,1.1329,3000
"rs167",167,0.2472,0.012253,0.029812,0.411,3000
"rs168",168,0.1973,0.065393,0.032435,2.0161,3000
"rs169",169,0.123,0.040669,0.039194,1.0376,3000
"rs170",170,0.1489,0.019038,0.035905,0.5302,3000
"rs171",171,0.35,-0.045157,0.027169,-1.6621,3000
"rs172",172,0.2324,-0.013971,0.030693,-0.4552,3000
"rs173",173,0.2332,-0.010452,0.030623,-0.3413,3000
"rs174",174,0.2577,0.019275,0.029354,0.6567,3000
"rs175",175,0.2382,-0.007933,0.030221,-0.2625,3000
"rs176",176,0.1305,0.03446,0.038241,0.9011,3000
"rs177",177,0.3851,-0.019738,0.026584,-0.7425,3000
"rs178",178,0.2992,-0.011211,0.028563,-0.3925,3000
"rs179",179,0.3739,-0.020664,0.026747,-0.7726,3000
"rs180",180,0.3645,-0.029841,0.026773,-1.1146,3000
"rs181",181,0.4197,-0.005352,0.026051,-0.2054,3000
"rs182",182,0.3992,-0.014922,0.026443,-0.5643,3000
"rs183",183,0.1973,-0.003161,0.032589,-0.097,3000
"rs184",184,0.1759,-0.011102,0.034397,-0.3228,3000
"rs185",185,0.3546,-0.009663,0.027393,-0.3528,3000
"rs186",186,0.3565,-0.008861,0.027484,-0.3224,3000
"rs187",187,0.4196,-0.013288,0.026738,-0.497,3000
"rs188",188,0.3735,-0.005989,0.027032,-0.2216,3000
"rs189",189,0.1293,-0.028059,0.038501,-0.7288,3000
"rs190",190,0.1865,-0.034077,0.032877,-1.0365,3000
"rs191",191,0.152,-0.027869,0.035845,-0.7775,3000
"rs192",192,0.3701,0.005459,0.026591,0.2053,3000
"rs193",193,0.1277,-0.02155,0.038917,-0.5537,3000
"rs194",194,0.1278,-0.007007,0.038932,-0.18,3000
"rs195",195,0.1067,-0.017246,0.041324,-0.4173,3000
"rs196",196,0.0997,0.020417,0.042203,0.4838,3000
"rs197",197,0.2768,-0.008168,0.028894,-0.2827,3000
"rs198",198,0.1216,-0.007365,0.04032,-0.1827,3000
"rs199",199,0.355,-0.050247,0.026916,-1.8668,3000
"rs200",200,0.3506,-0.035673,0.027274,-1.3079,3000
