"geneSymbol","GSE_C_S01","GSE_C_S02","GSE_C_S03","GSE_C_S04","GSE_C_S05","GSE_C_S06","GSE_C_S07","GSE_C_S08"
"LOC127818955",5.137,5.675,5.219,3.848,5.289,4.725,4.202,7.531
"LOC122861299",5.265,5.357,6.394,4.958,3.727,4.428,4.201,6.088
"LOC100131479",4.827,5.524,3.142,4.894,5.969,5.635,7.315,5.043
"LOC127888321",4.383,5.57,4.804,5.066,4.707,5.234,4.266,4.533
"LOC127818024",3.833,2.834,4.544,4.226,5.064,4.549,6.642,6.024
"LOC124901745",7.215,6.021,3.791,8.294,5.246,5.367,6.15,4.474
"SLEB12",4.765,6.818,6.682,5.515,3.366,6.943,6.929,5.357
"TRH-GTG1-3",5.716,5.279,5.986,4.489,4.43,4.6,4.425,3.691
"LOC129930260",4.365,5.453,5.493,5.503,6.727,7.252,5.749,5.783
"LOC126863253",3.759,6.213,5.697,6.258,6.06,6.976,6.1,6.507
"LOC130005262",6.09,3.608,3.842,5.148,6.429,5.164,4.839,6.929
"LOC129389824",2.384,5.459,6.647,3.077,4.893,5.936,4.687,5.739
"LOC129992905",7.245,6.734,6.077,4.502,6.141,4.198,6.691,5.553
"LOC132089191",6.484,6.629,5.14,4.083,4.31,5.022,3.798,4.079
"RTF2",5.688,6.397,6.332,5.417,3.863,9.106,4.775,5.535
"TRBJ2-2P",6.035,4.734,4.329,5.76,6.971,6.441,7.598,4.916
"TEX28P2",4.901,5.034,6.803,7.811,3.898,6.572,4.982,5.463
"LOC130065488",6.378,6.075,6.277,6.564,4.816,7.163,5.133,5.226
"LOC128966626",6.669,4.06,5.672,4.505,6.492,5.139,5.103,6.068
"CEP128",6.448,6.653,5.208,5.975,4.159,5.301,5.082,8.165
"LOC127407340",5.786,6.832,5.681,6.311,5.886,5.415,6.016,5.015
"LOC121852953",5.566,4.738,4.679,3.39,5.676,7.092,6.568,5.496
"LOC127884805",4.814,5.208,7.241,5.938,4.092,6.303,4.861,6.402
"LOC105375969",5.179,5.836,6.309,7.203,8.533,4.07,5.376,6.243
"LOC130057314",5.557,4.417,5.647,7.876,5.589,5.011,4.379,7.105
"LOC130055557",5.362,6.235,5.833,7.059,7.888,4.35,6.28,4.408
"LOC129998909",6.134,7.63,5.546,4.317,6.795,6.957,7.804,6.296
"LOC130002166",4.647,6.122,5.967,6.431,5.677,6.382,5.027,7.906
"LOC124908625",6.268,5.492,7.01,4.465,5.533,6.181,2.755,4.373
"LOC126860102",4.536,4.739,5.422,5.484,6.898,4.439,4.738,4.114
"LOC129992656",6.081,5.597,5.787,4.992,6.158,3.949,5.925,6.346
"LOC124903951",6.797,7.119,5.315,3.71,6.049,4.217,3.981,4.949
"DCHS1",5.835,4.602,4.128,7.495,4.812,6.394,3.679,3.463
"LOC108175348",5.533,5.227,7.301,7.698,6.025,5.591,5.549,5.213
"LOC130061402",8.095,4.789,5.662,4.636,5.865,4.409,4.163,6.411
"PNLDC1",5.447,4.527,4.631,5.94,5.818,6.469,5.997,4.844
"IS2",5.405,5.601,6.12,4.458,6.634,6.961,3.741,4.603
"LOC105377917",6.5,3.824,6.777,4.428,4.696,6.291,5.234,6.881
"LOC127273901",4.875,6.056,5.049,5.116,6.586,6.078,6.38,5.197
"CHD9NB",5.653,4.837,7.169,4.925,6.949,4.737,5.268,4.952
"GINS1",5.754,3.927,5.556,4.6,1.597,7.553,6.462,5.106
"LOC130062386",3.605,7.599,6.67,1.718,3.176,6.67,5.691,3.754
"LOC127887822",6.182,5.286,5.657,5.936,5.68,5.119,6.676,6.112
"LOC121366054",1.664,5.292,5.786,5.113,4.855,3.532,6.013,4.525
"LOC126859816",6.212,2.96,2.849,3.906,6.002,4.429,6.368,6.082
"LOC126861023",4.899,3.254,4.688,7.878,5.985,6.104,5.618,4.758
"LOC124902038",6.26,6.266,7.612,6.683,5.043,6.773,5.832,6.305
"LOC129999127",4.755,5.086,5.009,2.581,6.537,6.128,3.99,5.053
"LOC105378806",5.068,5.127,4.968,6.424,7.574,6.261,3.712,5.178
"LOC127822577",5.545,4.879,4.566,4.78,4.995,4.527,5.532,2.562
"LINC01119",5.371,6.12,4.606,7.47,5.594,6.154,4.512,6.842
"LOC124049160",6.905,5.504,6.707,3.744,2.873,6.913,4.809,7.318
"SNHG14",4.952,6.831,8.232,5.135,3.855,4.93,5.109,3.872
"LOC129933117",6.167,4.645,5.486,4.812,5.317,6.075,4.708,6.059
"LOC124907491",6.564,7.971,5.54,6.536,4.359,4.428,3.855,5.178
"LOC127825855",5.19,6.661,5.512,5.699,3.547,6.406,6.165,6.15
"LOC105371986",4.865,5.118,3.618,4.962,7.093,6.377,6.424,5.023
"LOC129934237",5.499,6.337,6.21,5.323,4.748,5.642,4.806,3.904
"ANIB10",7.58,7.101,4.611,5.921,6.069,4.559,5.666,5.224
"LOC127884394",4.578,5.088,8.229,4.823,2.347,3.627,6.218,5.177
"LOC127887696",7.275,3.906,5.112,4.314,6.586,3.907,6.404,2.985
"LOC127816819",5.661,6.182,5.526,5.782,5.936,3.736,4.166,5
"CFC1B",6.156,7.573,6.334,5.532,4.976,7.122,5.86,4.061
"LITATS1",4.566,7.299,6.718,5.004,5.065,3.778,4.192,7.049
"LOC127893187",6.92,6.41,5.521,4.234,7.78,5.126,8.521,4.755
"LOC130059670",6.482,4.663,6.226,6.362,5.785,4.975,6.499,4.379
"SOCS2P2",6.306,7.624,4.265,5.912,4.954,3.943,4.096,5.65
"LOC127401553",4.064,7.099,5.111,3.539,3.178,5.965,5.958,4.705
"LOC127821659",4.814,4.944,5.148,3.844,5.886,5.445,4.404,7.305
"LOC129937552",3.545,6.192,5.233,5.065,4.379,5.044,4.572,6.228
"LOC116216158",7.491,4.944,5.719,5.045,7.542,4.965,5.568,5.29
"CDK5RAP3P1",4.932,5.446,5.134,5.099,6.458,5.057,5.489,6.294
"IGLVI-68",7.976,4.425,5.737,6.3,8.978,5.296,5.761,6.144
"KLHL10",5.729,3.793,6.331,6.483,7.212,5.509,5.761,5.754
"LINC01427",6.257,4.409,5.976,8.1,5.206,4.857,4.41,4.584
"CDH23-AS1",4.685,2.659,6.507,6.789,5.561,6.89,6.433,5.964
"LOC130058607",4.876,5.361,6.181,6.694,5.299,4.711,5.672,8.49
"LOC130002158",3.907,5.368,4.274,4.539,6.694,4.204,5.401,4.932
"F2",4.46,5.754,6.943,4.367,4.153,7.627,3.28,5.072
"LOC127895495",6.461,6.584,4.935,5.337,4.7,7.313,6.033,6.336
"LOC107985568",5.785,5.967,6.291,5.123,5.466,9.065,5.67,2.878
"RPL37P3",4.981,6.107,6.529,6.564,6.919,6.06,6.15,4.37
"LOC127827972",5.792,6.182,3.765,4.941,4.486,8.041,4.929,5.679
"CYP4F11",8.339,5.748,6.072,4.761,2.862,4.427,4.904,7.794
"LOC129993200",4.29,7.393,3.593,4.47,6.181,6.084,5.597,3.469
"LOC129931208",6.807,6.778,3.591,4.764,6.084,4.191,5.419,7.223
"LOC127274388",5.32,5.083,6.681,6.276,6.34,5.835,4.819,6.701
"LOC127894914",7.223,5.683,5.511,4.704,9.519,4.072,7.042,6.222
"LOC127815111",3.405,7.124,6.22,6.151,3.078,5.073,5.031,5.808
"LOC124500667",5.879,4.609,4.333,4.522,5.637,4.531,4.319,3.505
"LOC127897638",4.951,4.065,6.273,7.324,5.545,6.362,7.559,4.309
"ATP2B1-AS1",4.103,6.396,3.782,4.92,3.269,5.16,5.091,4.227
"LOC129936974",6.108,5.933,7.327,5.386,4.801,5.008,6.832,4.793
"LOC127827360",6.539,8.055,4.722,4.815,5.849,6.01,5.991,7.217
"TTC36",5.854,5.73,4.55,6.943,6.826,6.721,4.198,5.909
"RPL36AP35",6.59,3.52,5.601,5.484,5.758,6.138,5.215,3.898
"XPC-AS1",3.99,6.059,5.382,4.494,5.099,6.72,6.936,6.461
"LOC124904601",8.31,6.029,4.568,5.129,5.219,4.965,5.475,2.649
"TTTY6B",5.838,5.967,6.756,4.67,5.496,5.373,6.784,7.591
"LOC129996108",4.799,5.741,5.543,5.174,6.096,5.778,6.179,6.222
"LOC127882662",3.875,6.95,4.722,5.716,6.407,5.971,6.106,4.517
"LOC127273815",4.284,5.671,5.434,5.181,5.732,7.116,6.2,4.796
"LOC105371376",6.127,5.815,6.415,6.161,5.661,5.081,6.181,3.958
"LOC130000668",7.49,7.135,5.395,5.747,5.465,3.887,5.156,3.578
"LOC129993828",3.263,6.456,5.345,6.544,4.721,5.286,4.869,5.82
"LOC127274953",6.21,6.966,4.373,4.57,3.57,5.66,3.485,4.87
"ARL2-SNX15",5.535,6.531,6.255,6.296,5.612,7.647,5.183,4.658
"LOC105376026",5.254,4.392,5.707,4.547,5.183,5.977,5.392,5.855
"LOC129389202",4.552,4.57,7.337,5.691,5.193,6.252,5.931,5.053
"LOC128316961",4.549,6.307,2.397,5.876,5.53,6.811,5.473,3.359
"DOCK2",4.923,5.701,6.93,6.955,5.833,6.524,4.866,3.281
"LOC127819825",6.439,6.037,4.605,5.494,4.413,4.344,6.964,5.623
"LOC101929572",6.402,3.213,5.608,5.879,4.883,6.295,4.13,5.269
"LOC127827235",7.696,5.837,8.601,7.948,4.008,5.01,7.115,7.373
"LOC130055520",6.321,6.034,3.219,5.293,5.969,6.003,4.689,6.1
"LOC130006049",5.803,5.908,4.736,6.033,5.002,4.76,3.206,4.941
"LOC130007445",4.911,4.985,5.368,4.248,4.506,3.489,4.149,5.305
"LOC127405799",6.555,7.589,6.212,5.109,4.36,4.708,6.627,4.077
"PCAT18",5.189,4.784,5.586,4.099,8.249,6.628,6.361,5.698
"LOC129936835",6.056,5.068,6.481,6.119,7.8,6.035,3.588,6.102
"LOC125146359",4.335,4.203,5.29,5.365,5.363,3.554,4.93,5.271
"LOC127270144",5.14,4.273,6.629,4.041,5.933,4.508,5.604,4.965
"SCMH1",4.715,3.927,4.346,4.87,6.13,5.618,5.264,5.869
"LOC127821640",3.344,3.793,7.284,3.51,4.862,3.878,7.508,6.917
"LOC132089785",4.724,8.226,5.843,6.371,6.321,5.35,3.803,4.987
"LOC127459397",6.998,4.687,6.022,5.982,3.424,6.482,4.265,4.466
"LOC127460470",5.265,4.146,4.684,6.005,4.124,3.912,7.042,5.775
"BASP1P1",5.534,5.817,3.056,4.756,6.061,4.595,3.971,6.189
"LOC127402603",5.73,5.922,5.872,6.85,5.458,6.67,2.353,6.525
"LOC130059584",4.841,4.576,4.411,5.205,6.045,5.742,6.262,9.604
"LOC130065845",3.483,6.807,4.629,5.952,3.997,6.963,3.941,5.821
"LOC127817122",6.625,4.635,5.598,5.491,4.913,5.338,2.899,6.051
"MSBP1",5.946,5.06,5.576,6.224,5.274,4.82,5.383,6.164
"LOC124902472",3.668,5.736,5.07,6.531,2.175,4.443,3.549,2.818
"LOC129664055",4.635,5.845,3.27,6.738,3.929,3.148,6.69,4.976
"LOC130004639",5.309,3.444,5.145,3.453,5.389,6.435,3.589,6.215
"LOC124904207",6.129,6.721,6.322,5.351,2.214,3.848,5.283,5.769
"RPL23P10",7.216,3.464,7.12,6.198,5.225,5.827,4.828,4.241
"LOC124902589",5.855,5.616,5.113,5.874,6.577,6.754,5.282,5.315
"LOC129932729",6.115,4.62,4.955,6.955,7.543,6.112,5.566,5.323
"PRXL2B",6.324,5.486,4.568,5.583,4.961,5.41,6.03,4.381
"GRIN2B",4.457,3.149,7.199,7.566,6.096,4.169,6.534,6.862
"TENT2",5.512,4.669,5.566,4.416,3.253,3.443,6.648,7.277
"LOC127830198",3.201,3.703,4.02,5.796,5.612,5.777,5.388,6.232
"VDAC1P5",3.11,5.202,4.971,5.054,5.944,5.726,5.526,6.316
"IGK",4.878,5.478,6.153,4.071,7.029,7.302,4.619,4.635
"LOC124901019",5.336,6.993,5.815,4.484,3.014,6.061,4.983,3.858
"LOC130057910",6.908,4.789,6.195,6.429,5.06,6.394,6.808,7.758
"IGHV3OR16-8",6.687,7.067,4.072,3.776,6.319,4.709,5.403,5.472
"LOC127405948",5.051,4.749,8.365,4.01,6.772,6.382,5.28,5.046
"LOC127406832",5.245,5.803,6.869,6.53,7.345,4.399,4.722,7.534
"RNA5SP130",5.895,5.625,7.806,7.97,4.736,7.461,5.045,5.32
"LOC127408329",4.389,5.33,5.724,6.362,5.685,5.415,5.386,7.502
"LOC127403183",6.084,6.052,6.403,5.854,7.889,6.792,6.378,4.572
"LOC127896925",3.175,5.756,2.862,6.585,4.447,7.117,7.309,4.907
"LOC129389908",5.904,5.86,5.493,7.909,5.549,5.093,6.671,5.259
"PCSEAT",6.711,4.739,6.443,6.864,7.511,6.265,3.794,4.999
"LOC130009820",5.922,5.006,4.854,5.517,4.963,8.204,5.261,4.455
"LOC129998339",6.817,6.199,4.531,6.006,6.467,4.913,7.659,6.098
"LOC127268877",7.357,5.373,6.807,7.698,4.689,4.408,5.888,5.683
"LOC127882910",5.25,4.247,4.411,4.091,6.453,4.549,6.007,6.253
"LOC127274376",3.813,5.349,5.359,6.844,3.748,6.396,3.141,4.179
"LOC121627969",7.68,6.639,6.69,3.275,5.794,6.007,4.282,6.189
"LOC127460376",4.852,4.595,3.666,4.612,6.61,5.343,3.862,4.662
"LOC105372255",5.82,6.247,3.836,6.698,6.082,4.976,7.989,7.146
"RHOV",4.915,4.677,5.807,5.522,5.722,3.956,5.521,5.994
"FGG",7.149,7.178,5.355,7.287,6.785,6.572,6.184,5.037
"COL18A1-AS1",5.886,8.162,6.104,7.283,4.915,7.814,6.689,5.738
"LOC107985176",5.686,5.434,7.927,4.916,5.677,6.009,3.872,5.007
"LOC124902547",6.016,5.869,4.601,4.453,4.21,10.496,2.972,4.44
"LOC127458223",5.45,5.183,4.934,5.42,6.496,6.482,5.923,5.564
"LOC127268899",5.451,6.468,6.4,3.421,4.153,8.161,7.201,4.36
"LOC130008249",5.661,5.085,6.478,5.258,4.253,5.384,6.747,5.415
"LOC127887919",6.922,7.869,5.345,7.16,5.257,3.856,4.645,4.088
"OR4K11P",4.533,5.927,5.797,5.411,7.036,6.047,6.381,6.336
"LOC102723851",4.686,5.957,3.477,5.387,4.159,5.638,7.576,4.691
"TFB1M",7.279,3.891,4.926,5.398,4.177,5.141,5.862,6.242
"LOC127266741",4.855,3.437,4.6,5.864,4.601,4.279,7.672,6.209
"LOC127403550",5.37,4.817,5.19,3.375,5.489,4.832,5.265,4.529
"LOC127396634",5.942,4.8,3.061,6.339,6.025,5.498,6.914,6.783
"LOC127404850",6.182,6.258,5.994,5.917,3.897,5.619,3.001,5.344
"STQTL8",5.309,5.24,5.144,7.361,6.561,5.23,6.825,4.354
"LOC124900697",5.734,5.031,5.704,5.2,3.337,3.727,5.96,3.293
"RN7SL575P",5.722,5.651,5.948,6.667,5.478,4.936,5.572,3.926
"RPS4XP14",5.818,5.37,4.755,6.482,7.287,5.152,7.773,6.538
"LOC130065847",4.95,5.916,2.345,2.457,6.83,6.288,3.534,6.312
"LOC127893454",5.396,5.633,3.962,5.174,5.62,3.515,4.086,5.347
"LOC127828523",5.247,6.376,6.057,6.875,5.11,4.717,7.218,5.023
"LOC126862404",7.038,5.882,5.151,7.693,4.958,3.617,7.858,6.361
"LOC127883788",4.821,3.317,4.809,4.72,4.676,5.836,4.391,4.246
"LOC124907100",2.035,5.721,6.667,3.315,5.787,7.238,4.823,6.398
"LOC101928553",4.656,5.166,4.949,6.36,4.072,4.935,5.249,6.055
"PPIAP37",4.418,4.762,3.987,6.15,5.222,8.043,4.375,7.174
"LOC107984283",4.547,6.32,4.924,7,6.514,7.101,5.358,2.325
"LOC127409155",5.365,5.628,6.296,6.658,5.866,5.907,5.611,7.896
"LOC127824187",4.141,4.311,5.249,6.422,4.587,6.211,3.897,6.165
"LOC129388431",5.846,6.018,4.996,4.447,6.709,5.632,5.224,4.051
"LINC01337",6.027,5.752,2.101,6.929,4.054,7.035,6.37,3.731
"MTFR2P1",5.493,5.841,5.272,8.136,4.053,5.52,7.351,5.408
"LOC129660817",4.842,4.095,3.76,6.741,5.126,6.767,5.172,3.752
"ATP5F1BP1",5.322,5.529,7.023,5.475,6.313,6.218,3.734,3.772
"MTCYBP43",3.309,4.934,5.161,3.833,6.382,6.712,5.269,2.999
"LOC130068202",5.535,4.333,4.517,5.545,6.569,5.995,5.49,4.985
"STQTL22",5.055,4.578,4.607,5.049,6.644,5.348,6.595,5.315
"LOC127459113",3.692,7.507,3.87,6.358,5.756,4.581,4.602,4.152
"LOC130065069",5.808,5.281,4.028,5.172,5.079,6.708,6.927,5.666
"LOC127269767",5.015,4.535,5.434,6.022,5.864,5.753,5.39,6.449
"LOC127268587",5.844,5.697,3.949,6.455,5.491,5.819,5.672,5.981
"CEND1",5.793,5.724,5.213,4.75,5.568,4.739,5.358,4.103
"LOC127406134",5.336,6.014,6.042,2.536,6.203,7.291,6.67,4.558
"CPP",3.649,7.095,4.412,6.197,2.877,5.887,4.468,7.596
"LOC129935910",5.652,6.481,6.915,6.381,5.344,5.841,3.284,6.52
"FAM222B",5.381,3.745,5.801,6.727,5.761,5.645,4.849,5.124
"LOC129996129",4.82,5.899,6.081,5.377,4.51,5.328,7.71,4.848
"LOC130057080",7.289,5.919,5.65,5.499,4.134,5.002,3.854,6.811
"LOC130060431",2.892,3.593,4.614,4.383,6.797,4.768,6.562,6.017
"LOC127404574",5.615,4.787,4.947,6.512,4.605,4.687,4.464,5.461
"LOC127822044",4.682,3.533,4.673,7.235,4.066,5.652,6.285,5.518
"LOC127818476",4.663,4.067,6.178,6.652,6.141,4.434,4.23,5.572
"LOC128772281",6.473,5.83,5.564,8.014,5.614,6.426,4.32,6.186
"ITPR2",5.406,5.38,6.22,8.319,6.643,4.986,4.757,4.635
"LOC124906467",5.942,6.718,5.058,3.57,2.822,4.538,7.218,2.866
"LOC127829065",6.185,6.857,2.604,6.029,6.572,3.136,5.998,7.085
"LOC127267316",5.978,5.001,6.525,5.787,6.52,4.797,5.889,5.771
"LOC125146373",4.582,5.416,4.91,6.058,4.146,7.117,7.491,5.017
"LOC127818820",3.558,8.713,3.432,6.683,5.862,3.992,7.105,6.156
"LOC127819294",6.937,4.593,5.707,5.946,6.61,5.89,5.533,4.918
"LOC129930842",4.351,4.67,5.12,3.955,6.729,5.908,6.701,2.541
"LOC130065166",4.407,3.878,4.532,3.371,5.806,5.892,4.766,6.585
"LOC127399772",5.098,6.019,6.725,6.909,5.632,7.215,5.802,6.926
"LOC127457243",5.387,6.609,6.609,5.05,4.691,5.128,5.943,5.421
"RN7SL633P",3.601,8.654,5.907,4.246,5.986,6.441,8.153,6.786
"LOC129390118",4.498,3.975,7.22,5.932,3.937,5.173,5.743,3.315
"LINC01673",3.905,6.491,4.01,6.748,5.576,3.279,6.812,2.652
"LOC127457196",6.445,6.088,3.251,6.479,3.894,5.752,5.839,4.826
"LOC130004885",5.528,6.254,5.079,7.167,5.812,5.891,5.499,4.999
"LOC127397731",6.922,6.48,6.06,4.887,4.86,7.154,5.325,7.12
"LOC126805606",4.531,5.811,5.093,6.198,5.329,6.733,4.326,5.257
"LOC127402675",6.371,5.848,6.036,6.058,8.342,5.412,4.111,4.177
"LOC127887326",2.758,4.369,5.509,6.589,5.045,5.216,5.699,4.902
"SAA2",4.624,7.085,4.739,5.116,6.768,4.025,4.244,6.354
"LOC130063273",5.567,6.833,5.75,3.453,6.179,6.236,4.4,2.424
"CICP15",5.062,6.829,5.399,3.212,4.008,5.402,4.553,4.573
"LOC130008171",2.933,7.585,6.499,4.923,6.146,6.019,5.498,5.253
"LOC127407695",5.825,5.788,5.215,5.189,4.242,4.388,5.927,7.001
"LOC130002763",6.359,4.888,5.231,4.335,5.837,5.681,4.623,5.536
"LOC127892620",5.921,8.321,6.613,4.183,5.188,5.287,5.507,4.515
"LOC132088997",5.277,5.938,6.072,4.941,5.962,8.995,5.865,5.916
"LOC127403871",6.864,3.753,5.362,3.539,4.949,5.532,6.08,3.545
"LOC126653397",3.318,6.986,5.264,5.161,5.912,5.033,6.91,5.158
"LOC132090123",4.987,5.72,5.575,5.827,6.771,5.418,8.104,4.357
"CACD3",6.076,6.61,4.656,4.573,6.135,6.98,3.688,5.059
"LOC127269324",5.676,5.902,4.008,4.899,4.381,5.681,4.885,5.041
"LOC127397445",9.891,5.672,3.791,5.412,5.602,5.303,4.003,4.84
"LOC130007725",3.625,4.53,4.928,5.79,5.983,4.713,3.724,6.449
"LOC127888273",7.362,5.234,5.499,6.476,3.298,7.065,6.653,5.633
"LOC127270958",5.842,5.79,5.213,5.475,5.52,5.325,5.281,5.798
"LOC129662777",4.779,6.221,5.894,3.287,6.751,4.697,7.117,5.293
"LOC130057362",6.492,5.216,6.171,2.522,4.396,4.658,7.189,6.549
"MIR3658",4.742,4.35,6.188,5.187,4.973,5.901,4.288,5.608
"LOC130005925",6.208,5.666,6.204,6.747,3.996,4.403,6.813,7.356
"UGDH-AS1",3.75,4.87,4.404,6.736,6.406,6.015,5.932,6.041
"LOC127397982",4.294,4.554,5.226,5.372,5.071,6.007,2.79,5.613
"LOC105373271",5.128,6.383,6.243,5.896,5.264,6.397,4.827,4.74
"LOC130056053",4.434,5.37,5.163,4.5,5.588,4.076,5.903,5.134
"KRT14",5.79,6.758,4.414,3.969,4.837,5.119,4.406,5.276
"LOC130055628",5.46,5.04,5.27,5.906,6.568,7.197,4.759,7.143
"LINC00297",5.397,4.586,4.317,6.472,7.426,5.839,6.171,4.97
"LOC129999977",6.36,6.086,6.137,6.185,4.621,6.636,5.291,3.473
"LOC127460210",8.421,6.268,2.812,6.283,4.614,6.493,4.657,4.795
"PDE12",4.896,6.003,5.284,6.143,6.939,5.012,6.548,7.978
"RPS6P7",4.89,6.978,4.694,6.315,3.983,5.384,6.895,6.64
"LOC127400270",5.275,6.934,5.359,3.906,7.066,5.813,3.154,4.481
"TRAPPC11",6.708,6.09,5.649,6.648,7.329,6.936,7.896,4.064
"SNAR-G1",4.907,4.519,6.879,4.469,5.66,5.959,4.095,5.584
"LOC127894003",4.611,5.988,5.422,4.82,5.823,6.196,4.727,5.036
"LOC130008951",2.558,6.249,6.53,6.944,4.418,4.754,5.388,6.897
"LOC127399849",4.935,7.104,8,6.232,6.582,6.035,7.244,6.981
"LOC130067385",6.136,5.222,7.785,5.674,8.134,5.919,4.43,5.559
"LOC129661423",5.806,3.673,4.716,6.2,4.087,2.076,7.249,6.82
"LOC127815973",6.164,4.969,4.575,6.52,7.626,4.365,5.59,4.793
"LOC127460072",6.798,5.652,8.034,5.666,5.145,4.211,2.742,4.994
"LOC127818801",7.956,6.503,5.346,3.894,4.943,6.83,6.598,5.794
"LOC129932716",6.151,5.076,3.12,5.899,6.209,4.35,6.054,5.216
"LOC127830274",5.016,5.641,4.71,6.242,4.375,5.01,5.515,4.507
"LOC127817885",5.79,6.211,5.303,7.077,5.523,4.83,6.448,4.092
"FKBP4P2",6.973,5.094,5.672,5.649,5.599,5.01,5.33,6.408
"LOC127271904",3.073,4.083,6.467,4.377,4.251,7.515,7.654,6.261
"LOC130002120",6.51,4.39,6.615,5.604,5.345,6.278,6.179,6.76
"LOC129992856",5.979,5.751,8.69,6.787,6.661,5.046,5.428,6.874
"LOC132090155",5.834,6.83,7.544,6.14,6.429,4.733,5.984,6.78
"PGDP1",4.187,7.068,4.514,7.228,6.28,3.959,5.049,3.329
"LOC130064237",5.009,6.749,5.434,7.642,5.5,6.783,3.719,5.644
"LOC130003117",4.718,6.893,6.005,4.715,5.586,5.059,4.855,6.569
"LOC129932081",5.645,5.966,8.351,6.488,3.318,6.632,4.644,4.109
"SPATA17",5.983,5.957,4.819,4.921,3.692,2.677,6.001,3.455
"LOC127882744",4.675,6.853,4.317,7.617,5.231,5.862,7.222,5.779
"LOC129933160",5.463,6.386,6.339,4.223,7.091,6.206,4.47,5.493
"MIR4533",7.078,5.366,8.365,7.015,6.347,6.862,6.967,4.944
"PSMA4",7.392,5.566,4.516,6.598,3.33,4.164,5.109,3.304
"LOC127884662",3.898,4.235,5.781,4.864,5.6,6.93,3.817,6.352
"LOC124904238",6.168,5.611,4.437,6.39,5.214,4.388,7.702,5.991
"LOC121530596",6.187,4.475,5.551,6.66,6.132,5.839,7.84,3.444
"LOC127890271",6.513,4.318,5.18,4.923,5.795,3.763,5.328,4.169
"COA1P1",6.977,4.562,5.574,5.19,6.223,5.117,4.935,6.859
"NRDC",3.809,3.733,4.385,4.36,5.871,5.784,5.146,8.17
"MIR6826",7.364,3.143,2.788,5.6,5.094,4.765,7.111,5.883
"RPS12P18",6.732,6.46,5.393,5.639,6.537,4.212,8.917,4.707
"LOC127820044",6.104,4.68,4.829,6.814,5.465,4.513,4.47,5.82
"LOC126862875",6.954,4.905,4.711,5.749,7.145,4.873,7.268,5.867
"LOC127889622",5.849,4.757,6.343,3.973,6.539,4.964,6.593,6.939
"LOC124904655",3.641,3.895,6.833,7.858,4.009,5.335,5.506,5.412
"RN7SKP51",4.102,4.301,5.133,5.853,3.856,5.175,6.038,5.818
"LOC126805591",6.553,5.067,4.291,6.043,5.517,6.323,4.562,4.648
"LOC107987383",5.057,6.721,5.281,4.379,5.377,2.691,4.985,5.546
"LOC127403179",4.717,6.925,6.749,7.461,5.368,7.387,4.688,3.179
"LOC130010089",5.068,5.746,6.462,5.478,6.248,6.263,5.259,5.908
"LOC105377055",6.028,6.187,5.619,5.005,4.895,4.016,6.988,4.599
"LOC127268463",7.338,7.087,4.527,3.964,5.075,3.669,3.789,3.892
"LOC101929633",4.849,5.918,4.161,6.403,5.985,8.048,3.688,3.01
"LOC127402525",6.506,4.359,7.69,6.373,5.141,5.397,5.352,4.696
"LOC127894636",6.749,4.964,5.788,6.116,4.747,5.094,4.751,4.401
"LOC127404005",5.7,6.648,4.875,4.985,6.567,6.371,5.838,6.438
"LOC130003556",4.873,6.163,5.08,5.648,7.197,6.219,6.458,4.016
"LOC130001829",5.711,6.527,7.017,5.407,2.293,3.658,5.067,6.033
"LOC127406362",4.548,5.162,4.309,5.429,5.569,5.884,5.182,7.398
"LOC127274830",6.663,6.744,5.573,5.532,4.664,4.406,5.043,5.142
"LOC127828357",6.642,6.084,5.159,5.024,7.435,3.439,5.985,5.507
"LOC130056507",3.374,4.502,3.845,4.406,6.299,9.394,5.705,4.836
"LOC129992678",4.891,4.754,6.2,6.794,6.261,5.179,4.057,6.308
"LOC127882855",5.832,5.709,6.323,4.565,3.672,5.634,5.38,6.201
"LOC105371894",6.113,6.146,6.138,6.074,6.537,6.614,3.194,5.037
"LOC124909118",4.105,5.972,2.238,5.41,6.386,5.957,4.377,6.048
"RNA5SP472",5.023,4.51,5.742,5.836,6.083,5.316,7.721,4.776
"LOC130001232",6.069,5.401,6.365,5.384,4.637,4.868,6.084,4.824
"LOC130002204",8.088,6.359,6.293,7.354,7.514,4.437,3.633,4.869
"LOC130001549",7.697,8.202,3.849,6.154,6.308,4.426,6.509,5.979
"LOC127408675",5.757,3.793,5.396,3.45,4.607,5.787,6.261,7.459
"LOC130009248",6.038,5.506,6.318,4.084,5.684,5.864,6.95,7.462
"CYP2F2P",5.765,3.775,6.324,6.197,6.077,4.613,5.464,7.596
"LOC126862895",4.213,5.246,5.288,6.455,4.007,5.293,5.442,5.583
"LOC127816870",3.625,5.564,4.837,5.084,5.603,5.909,8.045,5.458
"LOC127886798",6.385,7.847,5.678,7.305,4.777,5.669,4.42,6.532
"LOC127456856",5.336,5.937,4.74,9.134,5.3,5.642,7.837,5.16
"LOC127400446",3.714,6.173,5.135,7.928,7.879,6.502,5.998,5.95
"LOC127817506",6.928,3.645,5.647,7.116,5.799,6.614,6.377,4.898
"IMPDH1P8",8.478,7.032,3.781,4.371,4.848,4.623,5.754,5.231
"LOC127824361",4.974,5.173,5.525,4.769,6.705,6.239,5.325,6.533
"LOC126861671",7.438,4.494,6.239,4.906,5.6,4.021,6.46,5.228
"RGS2",4.409,6.497,5.469,6.497,6.214,6.935,4.988,5.942
"LOC105376789",6.532,6.265,4.411,4.028,7.034,5.999,5.698,3.197
"LOC127458478",3.894,5.348,6.343,6.263,5.012,5.223,6.889,6.409
"LOC111811967",6.506,4.707,4.931,6.5,6.831,6.441,4.017,3.809
"LOC129930544",6.316,6.081,6.291,5.748,4.516,5.628,4.084,6.497
"LOC130005871",5.943,3.394,5.387,7.941,5.842,5.232,5.3,4.497
"LOC129992815",5.36,7.421,6.884,4.162,4.816,3.673,4.446,3.952
"LOC105375913",4.235,6.813,6.52,5.792,6.309,7.654,6.316,4.184
"LOC127897087",6.442,5.093,6.615,5.525,4.031,6.448,4.168,5.926
"ARL4C",5.637,5.281,4.1,6.632,7.318,2.489,5.704,4.005
"LOC122149325",6.885,6.668,4.812,5.275,5.2,5.182,6.228,4.384
"LOC129389507",5.232,6.09,7.882,6.512,6.905,6.123,4.753,3.348
"LOC110121097",4.978,7.544,5.133,6.113,4.109,5.946,4.485,4.767
"IL18RAP",5.499,6.636,7.506,3.986,5.357,5.308,4.696,6.023
"RNU1-101P",7.959,6.428,5.43,6.563,6.439,5.449,4.976,4.119
"NPCA1",4.634,8.161,4.61,2.701,3.616,6.417,7.213,4.873
"LOC129933609",4.95,5.277,4.675,4.352,5,5.947,7.662,6.818
"LOC125418065",8.448,6.085,5.131,5.561,5.002,5.791,5.584,3.681
"LOC125078050",5.296,4.112,5.705,6.716,6.12,4.796,4.26,5.737
"LOC127269776",2.796,3.114,7.97,5.155,6.983,5.187,7.031,5.503
"LOC130064574",4.572,6.076,6.121,6.264,5.041,5.228,4.098,3.057
"LOC130057328",5.805,5.302,5.81,5.713,5.214,6.176,5.048,6.491
"LOC127825256",5.416,3.416,5.987,3.354,6.874,3.943,6.007,6.801
"LOC105373389",3.853,5.184,6.854,4.427,4.424,3.9,4.657,6.589
"LOC127889368",7.018,5.003,6.101,5.389,5.718,4.893,6.996,5.926
"LOC127830653",6.248,5.036,8.706,6.448,4.262,4.563,4.661,5.551
"ERVK-14",4.85,5,6.445,3.878,5.799,6.327,6.855,7.341
"LOC126805605",6.572,6.541,5.494,3.633,5.628,5.572,4.732,5.221
"OR7E16P",5.448,6.153,5.568,4.38,7.235,6.399,5.143,6.103
"LOC129998997",5.023,7.612,5.054,4.215,5.615,4.507,5.542,4.466
"LOC121587544",6.57,4.907,6.558,5.712,5.174,5.289,6.911,7.128
"LOC129997394",4.191,4.701,5.069,4.72,4.009,4.367,4.065,6.017
"LOC127893210",6.25,6.809,4.929,6.47,5.265,2.991,4.83,3.575
"LOC129931990",4.649,6.544,4.588,6.55,3.75,5.556,6.743,7.482
"LOC127397701",6.008,6.382,6.055,4.751,5.385,7.381,4.438,5.609
"LTBP2",7.259,4.92,2.982,6.586,4.524,2.877,4.569,6.979
"LOC127814452",5.151,6.903,4.25,4.481,5.369,6.153,6.112,5.132
"LOC127406336",4.501,3.651,6.059,6.18,4.533,5.68,3.453,5.153
"SERF2-C15ORF63",5.314,5.986,5.148,3.696,6.662,5.821,6.474,5.32
"LOC127459276",4.92,5.092,6.609,5.396,6.102,6.177,4.014,6.35
"ZBTB8A",4.623,3.25,5.75,4.4,7.13,6.987,7.361,5.76
"LOC130056576",7.296,6.843,6.78,5.263,5.138,7.912,6.713,4.284
"LOC127274396",5.485,6.404,4.944,6.151,2.574,2.933,6.505,4.1
"LOC129390287",6.519,4.508,7.485,3.051,4.742,4.556,4.907,5.267
"LOC129995900",5.543,5.481,6.218,4.501,5.36,6.838,4.314,6.264
"LOC129933529",5.984,3.999,5.798,8.062,5.033,6.976,4.408,7.128
"HNRNPC",5.134,4.754,6.173,6.995,5.693,4.91,5.558,4.309
"TP53TG3E",6.239,6.273,6.696,5.155,7.537,3.127,6.713,6.294
"LOC129389385",3.809,4.692,7.075,5.358,5.64,3.701,4.986,5.28
"LOC126860369",5.586,6.419,3.523,6.243,5.679,5.595,6.162,5.634
"LOC127400420",5.484,6.551,5.139,5.255,5.658,6.799,5.484,6.076
"LOC129993764",5.053,6.391,6.697,4.384,5.702,5.699,5.512,5.885
"LOC127830594",5.269,6.242,4.193,4.307,5.222,5.497,4.806,4.285
"LOC129936075",6.506,6.028,4.342,3.161,5.534,6.756,4.797,5.728
"LOC127829167",5.673,4.956,5.639,7.251,4.246,5.838,5.219,5.173
"LOC127815342",4.268,3.583,6.242,4.02,5.282,7.779,4.616,5.124
"ACKR3",5.845,5.66,3.108,5.464,6.413,4.705,4.879,5.82
"LOC129664266",5.047,5.157,4.928,4.479,6.985,5.616,2.928,4.739
"LOC124903376",6.202,3.824,5.308,2.809,5.092,5.187,6.752,7.076
"HNRNPA3P2",6.165,4.059,3.21,6.348,4.943,5.88,5.766,4.69
"LOC127408322",6.134,5.649,5.727,6.394,5.354,5.084,6.353,6.355
"LOC127882885",5.341,4.415,5.399,5.095,5.799,3.576,5.54,6.064
"HNRNPA1P11",4.073,5.1,5.688,4.291,4.852,4.11,4.716,4.877
"LOC127891612",5.438,5.185,6.348,6.309,4.954,3.54,4.851,6.62
"LOC127401642",7.255,5.718,5.429,5.679,3.816,6.017,5.618,6.346
"LOC124906991",4.1,6.509,6.167,4.733,4.249,4.19,4.129,6.614
"LOC130002006",5.545,7.088,3.069,3.969,4.449,4.816,6.655,7.253
"LOC129934934",4.776,3.773,6.012,6.952,4.816,5.059,7.037,3.302
"LOC127819572",5.062,7.305,3.343,3.953,1.343,4.89,3.711,5.186
"LOC127884847",6.585,3.981,3.674,4.27,6.389,5.795,4.478,7.464
"PURG",3.474,3.888,3.997,5.824,6.821,5.346,4.379,6.065
"LOC127823718",5.953,4.059,7.8,6.578,4.157,5.282,3.844,5.169
"LOC127890141",6.143,4.988,9.418,4.053,5.905,5.917,4.108,6.34
"LOC129994025",6.225,7.03,4.996,7.711,5.777,5.865,4.437,5.812
"HOTAIR",3.843,3.941,3.759,6.343,6.719,7.993,4.635,7.06
"LOC127274823",4.566,5.887,5.425,5.29,4.435,5.514,5.159,6.426
"LOC127271635",5.065,6.423,2.821,6.595,6.78,4.634,4.947,7.664
"LOC129661515",5.983,5.995,6.581,4.346,6.267,5.724,6.216,8.076
"LOC129932868",4.694,5.438,5.667,5.386,3.548,3.288,5.413,5.03
"LOC130006271",5.052,5.203,4.654,2.736,5.184,5.305,3.091,5.265
"LOC127401264",5.644,5.023,5.79,4.234,5.229,3.376,6.87,5.01
"LOC130056236",5.774,7.689,4.615,7.432,5.303,4.162,3.295,5.964
"LOC127897186",4.924,4.659,7.6,7.908,4.485,6.547,4.465,5.391
"LOC129931322",5.072,3.599,3.861,6.35,6.462,6.875,5.203,6.063
"LOC111556107",6.405,5.703,6.218,5.121,5.806,4.898,6.47,6.394
"LOC112997587",5.841,4.613,7.097,4.064,5.865,3.767,5.376,4.291
"COPS5P2",6.336,3.382,7.75,4.763,4.678,5.822,4.067,5.946
"LOC130065909",5.16,5.042,4.268,4.395,7.058,5.051,5.488,7.752
"LOC130000498",5.968,5.158,6.588,5.983,5.722,5.246,8.548,4.755
"LOC124905091",5.078,8.047,5.07,7.169,3.403,4.575,5.82,5.074
"LOC126807565",2.064,7.389,4.646,6.574,5.855,6.195,7.977,5.661
"LOC127886827",2.603,7.162,5.196,6.549,7.089,6.446,4.87,4.839
"LOC127830768",4.223,4.812,9.3,6.03,5.99,4.783,6.458,6.265
"LOC124904996",4.87,3.093,5.939,5.85,4.148,7.645,5.128,5.407
"LOC130008783",6.235,7.207,6.429,6.213,7.422,4.37,5.147,5.468
"LOC130060291",6.804,4.37,8.328,7.485,5.972,6.271,5.232,4.052
"LOC127898195",4.915,4.031,3.111,5.312,5.38,4.311,4.618,8.734
"TRA-AGC16-1",4.299,5.5,4.491,6.713,6.282,6.94,3.678,5.042
"LOC110120831",7.215,7.863,5.016,6.095,6.195,7.628,5.008,4.193
"LOC124905277",4.809,5.987,2.878,4.253,7.138,6.224,7.271,5.429
"LOC124901105",6.505,4.196,4.953,5.054,3.761,7.182,6.508,4.879
"LOC127822363",6,5.283,4.169,6.002,5.369,6.196,5.595,6.305
"LOC127825117",5.339,7.69,7.283,3.814,4.775,5.347,2.831,5.802
"LOC124905426",7.196,5.598,7.106,6.874,7.344,7.572,6.444,7.043
"LOC126860379",7.293,7.078,5.544,4.782,6.812,5.034,5.587,5.232
"LOC130063780",1.943,3.964,4.49,4.429,5.301,7.92,5.622,4.753
"LOC127888058",4.039,5.895,4.916,5.458,3.803,6.344,7.069,4.387
"LOC127888218",6.031,3.83,6.849,4.739,5.324,6.188,6.118,2.732
"LOC130065007",4.682,3.545,4.788,5.126,5.15,4.582,7.25,5.554
"LOC126859831",5.436,5.483,6.051,6.786,5.137,3.625,4.615,7.703
"LOC105369930",4.057,6.99,6.533,7.308,3.825,6.639,5.247,4.436
"LOC126861460",4.752,7.529,4.741,7.942,8.057,6.756,4.481,6.19
"LOC130007598",4.276,4.31,3.134,5.281,5.325,4.609,3.635,3.831
"LOC124909457",5.363,5.096,5.574,4.868,7.774,6.049,2.387,6.331
"LOC130065949",6.414,4.992,6.058,4.46,4.253,5.23,5.741,5.846
"CYP8B1",5.85,5.205,6.893,3.262,5.687,4.588,4.61,7.856
"LOC127889179",3.865,5.455,5.134,4.426,6.97,6.932,4.049,5.27
"LOC127886685",4.61,5.96,4.516,4.835,5.346,5.319,3.853,5.659
"LOC126861936",7.085,4.236,4.569,4.664,4.576,7.225,5.442,6.068
"LOC127402209",5.242,6.052,5.801,5.147,5.277,5.185,5.81,4.151
"LOC124907541",4.414,4.464,3.085,3.33,5.132,5.265,6.142,4.602
"LOC129995651",3.938,5.644,4.399,5.998,3.614,4.799,5.942,6.066
"RUNX2-AS1",5.946,4.873,7.425,3.274,6.133,6.607,6.612,6.439
"LOC128462415",3.318,4.171,3.923,3.707,6.476,4.417,7.032,6.95
"LOC129929272",2.717,5.564,6.607,5.164,3.71,5.107,5.208,5.152
"SPMIP4",6.634,4.202,4.262,4.519,4.028,5.97,6.817,4.482
"LOC127828772",3.803,4.296,5.377,4.765,5.68,7.643,4.314,4.467
"LOC127890137",5.996,4.445,4.41,7.033,5.759,5.036,6.325,7.202
"LOC127893630",6.735,5.489,6.163,5.024,3.915,6.857,6.016,3.976
"LOC110121128",6.484,5.764,5.475,5.179,7.232,5.599,6.294,5.072
"PHKA1P1",4.483,4.061,5.295,6.489,5.506,6.412,3.073,5.971
"LOC130006875",7.025,6.829,5.355,2.349,3.902,5.818,6.1,6.615
"RWDD3-DT",5.997,6.235,3.625,4.226,6.994,4.857,6.06,5.858
"LOC127398625",6.85,3.867,5.11,4.58,5.523,5.763,4.645,5.829
"CBR3",5.054,2.805,5.64,5.841,5.871,6.952,5.837,7.109
"LOC126862103",6.546,4.165,5.558,4.871,5.827,4.006,5.984,6.52
"LOC127408662",5.291,7.199,4.153,7.428,4.345,5.525,5.474,7.143
"IL3RA",6.785,5.466,5.975,7.303,5.511,6.494,6.772,3.458
"LOC121132677",3.192,6.658,5.743,6.778,5.728,5.342,5.278,6.255
"LOC127889978",6.003,5.835,5.047,5.621,3.16,5.252,6.533,5.235
"LOC130010058",5.773,7.543,4.3,3.402,7.661,5.834,5.094,6.356
"NDFIP1",3.669,6.94,5.974,3.785,4.643,7.887,6.902,7.748
"LOC129994629",5.395,5.256,4.298,5.223,6.818,5.58,6.39,4.476
"LOC127402930",8.196,5.357,5.764,4.896,8.192,5.004,6.186,5.667
"LOC127405610",4.362,7.902,5.662,7.974,5.39,7.157,7.729,5.986
"LRRC37A4P",6.559,5.181,6.961,2.67,6.341,4.71,5.709,5.252
"LOC124252638",4.248,6.949,5.198,6.312,6.098,5.651,1.902,8.165
"LOC127888553",6.659,3.872,4.508,3.765,5.92,5.615,5.542,6.283
"AP2A2",5.779,3.071,5.633,4.263,4.755,6.96,5.025,5.908
"LOC127820199",6.377,6.595,4.425,6.135,7.517,6.719,6.577,6.584
"LOC129931737",5.779,6.765,4.332,4.214,7.04,5.243,7.284,5.956
"LOC127818358",3.911,6.356,8.059,4.105,6.033,5.576,5.728,5.086
"LOC125177334",5.473,5.117,5.97,4.584,5.065,5.817,5.201,6.014
"VN2R12P",4.234,4.017,4.34,5.825,4.334,6.58,5.01,6.016
"LOC129929609",4.121,5.736,8.419,4.932,4.752,4.983,5.231,5.031
"C1orf74",5.796,5.373,5.271,5.726,5.041,6.587,4.196,6.157
"LOC127825672",6.333,4.852,6.061,5.466,4.491,6.598,6.439,5.849
"LOC107984246",6.235,6.368,5.695,5.894,6.697,3.496,5.105,3.404
"LOC121725054",4.013,4.338,4.886,6.262,3.751,7.494,4.292,7.42
"LOC108281119",5.391,4.576,5.756,5.429,4.086,7.933,5.662,4.332
"LOC127892630",4.408,4.947,3.54,4.007,7.035,6.263,4.715,3.212
"LINC02971",5.794,3.224,3.906,3.287,4.229,4.937,4.102,4.056
"LOC130065502",4.368,3.433,5.784,5.828,5.284,6.679,5.456,6.45
"LOC130065117",5.909,3.16,6.488,6.068,4.638,6.649,3.795,7.697
"LOC127273454",3.038,5.856,4.373,5.674,4.501,6.756,6.425,5.762
"LOC126806979",4.481,4.109,5.717,6.816,7.006,5.834,6.375,5.43
"LOC127890440",6.365,6.203,5.371,5.531,5.752,5.739,4.952,5.201
"TSPY18P",5.586,6.914,5.794,6.592,5.554,4.307,5.832,6.215
"LOC127739539",4.725,5.811,4.421,4.326,5.393,5.278,5.719,5.842
"LOC129994798",4.397,6.397,5.472,5.236,6.148,6.01,5.115,8.337
"PHKA1-AS1",4.809,7.251,5.311,5.304,3.928,2.85,5.708,6.825
"LOC127827121",5.883,6.028,3.598,4.325,4.52,4.841,4.807,4.638
"LOC124909293",5.927,5.824,3.281,3.486,4.603,4.149,4.35,5.011
"LOC130067171",6.149,6.28,4.631,5.47,5.847,7.197,4.129,2.462
"RNU6-592P",6.544,5.99,3.831,3.038,5.229,7.062,5.949,4.24
"LOC127826136",4.308,5.099,7.559,4.653,4.777,5.784,7.265,6.008
"RPL32P35",5.049,5.931,4.521,6.015,6.167,3.925,4.798,5.134
"LOC129389767",6.055,5.545,3.612,6.937,7.132,5.945,4.684,7.091
"LOC125177415",5.261,5.725,5.222,6.636,4.771,4.373,5.813,7.148
"LOC127407875",6.532,6.525,7.118,4.782,6.89,5.477,4.705,4.925
"RN7SL116P",4.175,4.356,5.895,8.269,6.402,3.235,4.027,5.44
"LOC124625847",3.714,4.29,7.137,7.468,4.823,3.579,4.033,6.27
"LOC105369543",5.836,3.246,3.789,6.037,7.072,5.178,4.515,3.549
"LOC129663918",5.326,5.445,5.494,5,5.705,5.294,6.026,3.655
"LOC124902242",5.98,7.521,5.552,4.95,5.299,7.302,3.144,4.71
"LOC127397856",6.203,5.734,5.418,2.631,3.717,7.108,7.979,5.933
"LOC129992810",5.041,4.393,5.432,5.876,7.727,5.817,7.355,5.105
"LOC130002638",5.06,6.524,5.897,2.909,6.091,5.118,6.185,6.979
"OR2A1",4.704,3.315,5.05,6.833,5.706,4.774,5.089,6.747
"MIR129-1",4.136,5.438,5.706,5.205,6.906,5.696,5.452,7.623
"LOC129391093",6.61,5.718,6.046,4.088,5.637,6.399,7.266,4.381
"LOC105371060",6.713,4.613,5.628,3.486,6.305,4.134,6.179,4.459
"LOC127830783",2.87,4.191,4.31,6.21,3.043,6.561,6.902,5.544
"LOC127460293",5.046,6.542,3.827,5.107,5.647,6.263,6.619,5.303
"LOC126859772",7.763,5.658,5.977,5.439,4.39,4.49,4.171,6.196
"LOC130057630",5.884,5.051,6.436,5.256,3.71,6.858,3.149,5.539
"LOC130068635",6.56,5.764,4.465,5.185,4.399,6.561,8.567,4.825
"LOC132090519",2.778,5.839,5.564,7.252,1.609,3.62,4.702,5.953
"LOC130068642",5.301,6.995,5.937,5.228,5.398,8.101,8.037,5.865
"LOC128966631",6.059,3.452,5.402,5.753,4.072,4.934,4.43,5.246
"LOC127407610",4.764,3.826,4.838,3.947,3.736,5.517,4.521,2.877
"LOC124904467",2.48,6.483,6.645,6.833,3.475,5.981,5.343,5.223
"LOC105379216",4.119,4.495,4.841,6.138,6.39,5.276,4.602,3.923
"LOC127883856",4.983,4.416,4.172,6.553,5.569,7.581,3.833,5.536
"LOC130066693",4.328,6.075,6.587,7.116,3.179,7.968,6.516,5.653
"LOC127897292",8.264,6.859,6.029,7.48,3.772,6.012,6.374,4.962
"LOC125387252",4.618,3.956,5.195,4.846,8.147,3.866,5.789,4.484
"LOC127895350",5.653,4.919,5.259,5.329,5.171,5.716,7.031,4.616
"LOC130002261",4.459,5.217,5.547,4.127,3.036,4.131,4.433,4.281
"LOC122056817",4.359,6.26,7.69,6.45,5.491,5.551,6.36,2.837
"LOC107988033",6.723,6.667,5.791,5.045,3.907,6.67,6.116,4.884
"LOC127271674",6.142,6.779,4.406,6.438,3.838,6.407,5.459,3.839
"LOC268276",4.385,5.074,6.223,5.479,3.973,5.031,4.871,4.696
"LOC129992823",7.203,3.706,5.69,5.065,6.263,5.702,5.096,7.541
"LOC127270803",8.494,5.546,6.973,4.543,5.551,4.036,5.387,8.34
"RTL8A",4.843,5.318,4.858,6.726,5.532,6.087,6.315,5.248
"TCF19",5.749,4.466,4.194,4.226,4.964,7.103,4.063,4.908
"LOC127825132",4.595,3.983,5.138,5.824,5.81,5.651,5.134,5.712
"LOC124905765",5.24,6.551,5.995,2.998,4.541,6.961,4.956,6.078
"DYNLT4",5.097,6.922,3.488,5.315,4.585,5.143,8.059,5.366
"REG1B",5.415,4.547,5.569,6.382,5.766,5.071,6.352,3.697
"LOC132090345",5.352,5.869,5.885,6.193,6.655,4.52,4.138,5.808
"LOC129992789",5.106,4.926,6.131,4.326,6.246,4.574,5.864,4.991
"LOC127406838",6.755,7.824,6.607,4.898,4.969,5.767,5.845,5.021
"LOC101927145",5.541,5.095,3.972,5.218,5.247,7.225,6.667,5.956
"LOC105372825",5.729,5.699,4.387,6.677,6.833,8.027,4.491,6.117
"LOC127889108",5.363,5.99,7.765,6.123,4.795,5.427,3.514,5.437
"ZNF239",5.002,5.983,6.267,4.29,4.27,4.9,4.939,5.366
"EVI2A",6.44,5.429,6.133,3.323,6.053,4.159,8.176,7.033
"LOC130063943",4.303,4.716,6.293,5.866,6.841,6.203,5.031,7.441
"LOC127459020",5.462,5.32,4.635,7.92,4.957,4.514,5.784,4.954
"LOC130003061",3.683,4.699,4.249,5.638,5.679,7.795,5.717,5.067
"LOC105377213",6.77,6.392,2.986,5.519,4.957,3.834,5.281,3.523
"ADAM8",5.886,5.655,5.226,4.148,4.601,5.515,6.287,4.433
"LOC130004473",6.166,6.621,5.529,7.534,7.546,9.424,3.436,5.515
"LOC127825069",5.961,5.891,6.913,5.112,5.89,7.86,5.91,4.519
"LOC127396769",4.859,4.761,3.994,5.935,5.407,7.954,6.944,6.041
"IQCF6",4.026,6.216,4.961,5.662,2.716,6.753,4.844,5.003
"LOC127893983",7.361,3.537,5.084,5.314,3.835,5.663,4.862,3.737
"TNRC18",6.037,4.766,6.773,5.152,6.395,6.743,6.699,4.539
"LOC124908636",1.108,6.297,8.5,4.971,6.223,4.417,5.486,4.832
"LOC129390361",8.467,4.66,5.932,4.737,6.642,3.942,6.636,5.029
"LOC127399752",5.54,5.83,5.023,6.896,4.853,6.917,5.132,6.405
"LOC127824089",3.89,5.707,4.295,2.769,4.09,3.584,6.606,7.021
"LOC129932781",8.493,6.266,5.819,4.792,4.838,4.805,7.383,3.407
"USP30",4.073,6.327,8.074,4.328,3.58,5.459,5.195,4.367
"LOC105374989",5.957,6.004,4.745,5.329,4.738,4.796,5.484,3.407
"LOC131696449",5.964,4.277,5.8,6.519,5.119,4.744,7.274,6.035
"LOC127887261",5.226,4.196,5.891,6.289,7.199,4.455,4.958,6.757
"LINC02713",4.335,6.497,5.3,3.991,6.595,4.527,3.071,5.246
"LOC127458809",4.289,5.85,6.382,6.235,7.358,3.1,4.77,6.156
"LOC129998988",6.971,5.928,4.402,6.514,5.985,4.91,5.573,6.795
"ENUR2",5.206,5.4,6.043,5.38,5.863,3.401,7.1,5.853
"SCGB1C1",6.802,6.198,7.353,3.979,7.352,5.827,6.537,3.116
"LOC130059890",6.243,5.389,6.683,4.574,3.701,5.683,6.582,5.729
"LOC123864092",6.457,5.644,4.649,4.007,4.92,7.667,4.87,7.27
"LOC127888055",6.127,3.713,6.614,6.038,6.256,3.22,4.764,7.051
"LOC127457295",5.356,3.935,5.42,5.323,4.62,7.156,5.003,7.184
"LOC127266985",5.076,4.394,4.957,6.336,5.698,8.309,5.193,4.742
"LOC127272994",4.951,3.8,6.184,6.733,2.524,4.656,3.498,5.392
"LOC127272563",2.792,5.877,6.51,7.58,4.644,6.361,2.549,5.184
"LOC127457055",3.647,7.03,7.987,5.525,5.786,4.983,6.234,4.523
"LOC129938232",5.162,3.287,5.509,6.187,4.045,5.828,5.875,6.524
"LOC127889987",5,4.848,5.916,6.941,5.334,6.723,3.922,1.537
"LOC127823614",4.623,5.969,5.574,4.872,5.476,4.336,6.608,5.459
"TTC38",6.383,6.837,3.334,5.286,6.506,5.819,5.477,4.04
"LOC127405883",7.249,3.936,5.785,4.348,3.833,5.826,4.872,6.368
"LOC127814507",5.228,5.04,4.973,3.944,4.744,5.294,4.609,5.259
"LOC127275778",7.034,5.701,6.442,6.419,5.171,7.075,6.627,6.156
"LOC129663494",4.716,7.003,3.553,6.085,5.387,5.859,5.492,5.783
"LOC107986196",6.635,3.536,7.536,6.032,3.3,6.301,6.225,6.316
"MIR3130-2",7.387,5.789,4.527,4.583,6.809,4.363,7.13,5.9
"LOC130063185",3.837,6.611,5.377,4.346,3.899,5.612,8.076,7.571
"LOC129931560",5.897,7.023,6.579,5.246,4.922,6.207,6.733,6.429
"LOC127274846",5.956,5.224,5.479,5.875,4.563,5.546,6.662,6.565
"LOC127273662",7.762,4.663,5.551,4.013,4.237,6.02,4.249,3.933
"LOC127814983",5.694,6.048,5.36,4.458,6.613,6.029,4.305,6.217
"LOC124905396",4.347,5.939,6.281,4.643,5.518,5.616,5.318,5.77
"WNT3A",5.749,5.33,5.305,6.197,5.082,4.464,5.388,6.738
"LOC105369463",6.791,4.663,5.463,5.746,4.644,5.029,6.087,4.391
"LOC126860084",4.569,3.365,5.785,6.038,5.013,4.351,7.918,4.599
"LOC129931473",4.434,5.381,7.931,7.811,4.115,4.533,5.819,7.301
"LOC127271579",7.052,5.127,3.914,6.534,3.987,5.492,5.962,7.412
"LOC127896501",4.21,5.877,4.734,6.473,8.477,3.749,4.934,6.438
"LOC100288172",5.784,7.244,5.561,4.346,4.733,4.513,5.212,6.309
"PPP2R5D",6.603,8.073,5.836,4.09,6.322,7.334,3.786,5.187
"RN7SL132P",6.73,4.828,6.35,4.548,4.362,7.338,5.5,4.878
"LOC127406572",6.485,7.943,6.497,6.694,5.646,4.98,5.191,6.454
"LOC129937891",5.959,6.192,6.442,7.297,4.009,5.726,4.923,6.491
"LOC126806566",6.73,3.524,6.993,5.788,5.76,4.203,4.921,5.499
"COX8CP1",7.635,4.844,4.415,5.9,6.258,6.269,5.41,4.118
"RNY4P22",5.042,5.986,7.177,6.371,3.787,5.065,2.371,4.919
"LOC127888897",5.531,5.23,5.281,5.374,3.962,3.947,5.343,4.912
"TMEM26-AS1",4.235,6.232,5.651,5.812,3.803,6.716,5.657,4.711
"LOC130006986",4.638,6.018,7.2,5.729,6.906,4.883,4.626,3.576
"LOC127819312",3.207,3.961,4.97,5.342,4.215,4.686,5.028,8.398
"LOC129935558",4.962,8.094,1.766,5.356,5.215,7.467,5.147,4.258
"OSBPL9P1",5.027,8.382,4.063,3.189,5.823,6.053,6.185,6.241
"LOC129997023",4.567,5.02,5.875,6.795,6.832,4.7,5.151,5.78
"LOC129664649",4.49,8.998,4.726,5.833,4.918,6.593,6.705,7.043
"MCOLN1",4.266,5.124,4.376,6.563,5.106,6.722,5.919,5.277
"LOC121740736",3.856,6.298,6.718,3.489,5.923,5.411,5.784,5.597
"LOC130064184",4.914,5.339,5.7,5.461,5.247,5.186,7.462,2.972
"LOC130055512",3.787,6.414,5.853,5.599,5.456,7.234,5.784,4.748
"LOC129931880",3.189,5.409,5.316,5.17,5.177,5.61,5.105,6.002
"LOC127399609",4.627,5.996,6.803,4.939,6.24,3.866,6.033,4.672
"HNRNPCP3",6.03,5.199,6.144,6.08,5.814,6.795,6.528,6.137
"LOC126806694",5.07,2.56,4.389,6.524,6.4,6.313,7.133,4.368
"RNU4-6P",7.608,2.143,4.644,5.677,7.048,4.876,6.683,4.022
"LOC127276058",5.735,6.02,5.522,5.833,6.792,5.698,5.695,5.545
"LOC130057894",5.154,7.095,5.24,5.736,8.729,5.192,3.908,5.471
"LOC127460500",4.029,4.664,7.334,5.48,3.573,3.416,5.664,7.236
"OR7E154P",3.852,7.412,6.228,6.225,5.186,4.626,1.919,4.509
"LOC127889986",5.375,5.193,6.063,6.118,5.626,3.972,7.202,5.446
"LOC127459411",5.846,5.671,5.542,4.759,6.162,4.863,5.241,5.558
"LOC124905590",3.456,4.8,7.497,6.735,4.765,6.36,5.135,4.366
"LOC130000574",4.728,3.701,6.521,7.018,7.198,4.695,6.065,5.428
"FLJ43315",4.817,4.269,4.511,5.779,5.123,4.188,2.666,4.652
"ZNF705A",4.654,7.406,5.031,5.079,4.756,7.159,5.387,4.258
"LOC127816130",5.839,6.813,5.89,6.27,7.811,5.775,4.139,6.191
"LOC130063256",5.927,6.379,5.239,4.129,7.482,7.435,5.252,7.086
"LOC130062103",6.611,6.187,6.899,3.717,4.447,2.901,8.196,4.54
"GUCY1A1",6.974,6.384,5.784,6.34,5.706,3.99,3.248,4.861
"LOC127890661",4.737,5.168,5.36,6.318,5.836,7.457,7.136,5.409
"BEND3",8.017,5.242,4.488,7.645,6.338,5.821,5.11,5.322
"LOC127403970",6.539,3.975,3.859,6.516,5.077,3.844,7.123,5.892
"RNF13",5.685,4.012,6.106,4.901,4.791,5.053,4.163,5.434
"LOC129663669",4.772,4.792,6.692,5.86,5.12,5.54,6.778,6.249
"RNA5SP108",6.82,3.87,5.709,5.69,4.882,5.349,7.397,5.987
"LOC129390522",3.978,4.325,8.997,6.065,5.771,6.162,6.947,5.836
"LOC130008816",5.84,3.842,7.359,4.882,6.716,4.443,6.339,4.652
"LOC124902817",4.977,5.522,7.174,6.326,5.364,4.667,4.465,4.668
"LOC127456979",5.472,7.018,5.121,5.565,5.528,6.263,8.373,6.43
"LOC130056563",5.028,4.358,3.257,7.097,6.229,5.295,4.905,6.196
"LOC129663935",6.258,5.838,5.443,5.045,3.326,3.614,5.469,3.677
"LOC127818383",5.219,3.803,5.079,4.686,5.39,5.536,5.732,4.546
"LOC129995582",7.031,7.484,4.873,6.634,6.514,6.407,4.5,4.516
"GKN3P",4.351,4.514,5.086,4.706,6.807,6.847,6.157,5.874
"LOC130009930",6.76,5.567,6.815,4.219,7.161,5.539,5.39,3.244
"KBTBD6",6.534,6.225,4.035,4.569,4.641,5.821,5.713,3.938
"LOC129663787",5.353,7.686,2.953,6.923,6.313,2.833,7.235,5.902
"LOC130002632",5.477,5.675,3.788,6.208,4.649,4.652,6.05,6.85
"LOC124902063",6.466,4.652,6.101,4.759,4.579,6.627,6.266,3.582
"TRBV10-1",6.27,7.811,3.954,5.429,4.68,4.401,5.235,6.879
"LOC127457791",3.559,6.026,5.66,4.283,6.135,5.606,4.075,5.23
"LOC130060047",5.325,6.182,4.494,6.886,3.796,6.852,4.825,6.284
"GAPDHP61",6.316,4.916,6.144,4.917,4.586,4.35,4.963,6.801
"LOC130009511",4.824,6.429,4.125,3.253,5.134,7.428,5.143,4.892
"MTCH2P2",4.641,3.905,3.402,7.213,6.962,6.506,6.083,6.691
"OR1L3",6.645,5.463,5.157,7.504,4.627,6.146,6.194,5.446
"LOC129934724",5.588,3.575,5.259,3.247,6.839,4.713,5.475,6.517
"LOC127275570",6.337,3.515,6.145,4.552,8.418,6.151,3.844,5.01
"LOC130003189",4.648,8.522,4.058,3.919,6.482,6.371,5.681,8.127
"LINC01264",5.205,5.814,7.313,6.28,7.718,8.42,6.836,4.529
"TRNQ",7.462,5.063,5.749,4.894,3.881,4.335,7.598,7.325
"LOC127893889",6.464,5.817,6.59,6.555,4.939,4.764,5.211,5.257
"LOC129389722",5.901,6.264,1.709,5.943,5.315,5.788,5.808,5.295
"LOC129997479",6.083,7.156,3.731,4.27,5.678,3.4,5.506,5.832
"ARGFXP1",4.292,6.921,5.426,5.76,5.126,5.894,5.248,5.451
"LOC127898093",5.477,6.388,5.512,5.93,5.098,5.73,6.938,7.219
"LOC127889302",4.898,5.822,4.384,6.488,6.475,6.26,4.481,6.365
"LOC112529913",6.356,5.035,5.597,3.196,5.444,3.242,4.808,6.282
"GPR149",3.922,6.606,8.017,3.357,3.481,4.07,6.845,6.354
"LOC127403288",6.094,5.359,5.218,6.03,5.604,5.957,6.923,6.48
"LOC130000908",6.773,7.206,3.281,6.275,4.105,6.895,5.017,4.393
"LOC105372234",5.089,4.542,3.378,5.945,4.952,7.258,7.469,4.734
"LOC127270329",4.88,3.988,3.429,5.847,5.509,5.353,6.238,5.707
"MRGPRX10P",6.965,5.085,4.86,5.236,4.097,6.136,6.828,5.315
"LOC127886603",6.8,3.867,3.383,4.692,5.695,5.918,6.49,5.12
"IGHV3-79",4.452,6.131,4.351,3.115,4.341,5.318,5.362,4.471
"LOC130009087",6.069,4.42,6.499,4.029,4.428,4.617,5.77,6.474
"LINC02054",4.166,4.042,3.917,5.466,5.596,6.05,5.111,3.155
"LOC124905008",5.78,6.829,6.572,5.205,4.76,4.14,5.133,5.318
"LOC130066822",4.914,7.075,4.391,6.273,5.483,6.534,4.045,7.967
"LOC125024496",6.038,6.18,5.222,5.613,5.067,6.328,5.666,6.292
"LOC129934759",5.822,7.665,5.872,7.059,5.401,4.779,4.462,5.317
"LOC126860008",6.169,4.11,7.165,7.356,4.25,5.606,3.961,5.145
"LOC130005267",5.244,5.449,3.51,5.912,5.076,4.02,4.22,5.792
"LOC129997096",6.595,3.641,4.957,6.264,3.652,7.212,6.049,5.682
"LOC127816498",5.596,5.289,5.021,5.603,4.884,4.559,5.107,5.829
"LOC127824712",4.771,7.11,6.863,7.461,5.72,4.186,5.857,2.495
"NQO1",3.793,5.369,3.587,3.795,2.406,4.882,2.855,5.013
"LOC132089923",3.19,5.138,5.333,7.504,4.975,4.999,5.371,4.675
"LOC127817414",4.837,8.004,5.683,7.556,3.262,5.186,4.899,3.92
"LOC127408512",5.223,4.469,4.888,7.114,6.949,7.415,4.794,5.177
"TRA-TGC9-1",6.577,6.281,6.388,6.511,6.103,5.244,4.925,6.016
"LOC127276189",6.676,7.095,5.008,4.613,4.966,5.137,5.877,4.084
"LOC130007255",5.517,7.209,6.88,5.07,6.368,6.182,3.776,4.601
"RPL41P3",5.505,6.113,5.923,3.096,6.179,5.81,5.489,7.114
"LOC127828222",7.434,6.325,5.435,4.448,5.122,4.678,4.052,6.335
"LOC124904622",8.147,4.549,5.517,7.91,6.687,7.436,4.845,4.605
"LOC126862747",5.54,4.725,7.065,2.912,5.253,7.314,5.467,7.58
"LOC111429623",3.87,5.724,4.974,5.089,4.377,5.742,5.461,5.531
"LOC130059714",5.039,4.511,5.96,5.243,4.339,7.863,5.084,4.553
"LOC127405704",2.787,6.171,3.977,6.634,5.025,4.516,4.599,4.907
"GK4P",7.173,5.83,5.044,7.287,7.483,5.579,4.947,6.346
"LOC105376939",4.763,4.699,6.735,5.627,6.989,2.51,1.853,4.367
"LOC127398140",7.058,6.213,4.849,7.499,5.772,4.448,3.996,4.49
"FAM20BP1",4.44,6.482,4.972,4.179,4.46,6.935,5.884,5.645
"LOC127398315",6.853,5.441,4.146,7.024,5.096,7.775,7.172,4.608
"LOC126807419",6.709,6.178,5.325,7.174,5.363,5.787,5.747,7.481
"LOC129935319",7.533,7.189,5.101,4.684,4.609,5.793,3.298,5.653
"LOC129934068",3.925,5.945,4.536,6.077,5.686,5.122,7.812,6.66
"LOC129938080",4.295,4.892,3.13,3.778,3.252,5.311,5.375,4.058
"LOC127829523",5.852,7.01,4.386,4.463,6.447,5.495,4.956,5.834
"LOC108720145",6.326,6.826,6.625,6.209,3.789,6.209,5.967,6.937
"LOC124908562",3.862,3.803,6.052,3.839,4.171,7.555,4.968,6.332
"PIGT",4.114,5.041,4.929,5.052,5.195,4.6,5.296,7.001
"FTLP20",7.163,5.433,4.521,6.517,4.834,7.18,3.774,5.897
"LOC130055953",5.638,5.405,2.668,5.92,6.015,2.992,6.933,3.779
"LOC130005245",5.376,4.032,3.247,3.933,4.575,5.209,6.744,6.273
"LOC127896985",4.455,3.864,4.473,8.313,5.872,5.938,6.541,5.815
"LOC127406574",5.092,3.881,3.853,6.123,6.349,4.392,8.097,6.002
"LOC130002762",4.343,5.371,4.589,8.093,5.438,6.622,8.397,4.833
"LOC126806791",4.901,5.528,3.572,4.541,3.253,5.104,5.878,3.569
"LOC130009441",5.139,5.465,7.089,5.964,4.553,3.327,5.818,3.956
"LOC127397181",5.664,7.186,5.195,5.791,6.564,5.204,4.327,3.178
"LOC127890218",4.726,6.566,5.547,7.294,5.269,7.328,5.387,5.96
"LOC109504725",5.85,5.068,6.218,4.861,6.507,7.545,5.408,4.871
"LOC130065795",6.464,6.325,6.731,6.832,4.435,6.943,5.048,6.933
"LOC127401535",4.009,6.406,7.875,3.939,6.092,5.396,5.123,3.159
"LOC116276452",5.762,5.631,6.977,7.457,6.656,4.762,4.123,5.237
"HECA",4.949,5.691,4.264,8.155,4.262,5.837,5.911,3.347
"LOC127458550",5,6.354,6.846,4.348,6.41,6.087,5.18,5.257
"LOC127270447",3.43,5.876,6.188,6.374,2.591,6.599,5.813,5.785
"LOC124544578",4.053,4.511,4.405,6.694,6.282,4.464,3.611,4.731
"LOC130001057",6.525,3.367,5.231,6.032,4.803,4.532,6.229,6.586
"NPM1P45",5.354,8.204,6.907,6.369,4.545,4.313,4.328,6.911
"LOC130058356",6.005,4.411,6.552,2.695,5.617,5.267,4.706,5.949
"LAG5",6.874,4.848,5.421,8.01,5.458,6.152,7.286,5.253
"CST2",5.63,6.937,5.187,4.68,4.921,5.285,4.898,3.932
"LOC127889612",6.032,5.207,5.578,4.812,4.513,6.062,5.588,5.461
"LOC127883848",6.29,6.243,6.927,6.842,5.051,6.5,5.025,5.829
"LOC126861459",3.98,5.71,6.429,5.209,5.215,5.394,6.428,4.836
"RNU6-1272P",3.503,5.242,4.887,3.517,4.771,7.436,5.97,7.349
"LOC127898018",7.25,6.367,5.833,6.006,6.199,4.649,10.732,4.069
"LOC130063466",6.675,4.484,3.558,6.228,6.429,7.421,4.776,5.373
"RPL35AP4",6.076,4.707,4.122,5.588,2.6,3.635,4.4,5.985
"SNCB",5.479,5.896,4.384,5.855,6.594,5.115,7.595,6.718
"LOC124903527",5.756,5.599,4.806,5.031,5.727,4.921,6.386,6.262
"LOC127408050",5.823,7.307,5.955,1.918,5.069,8.174,3.694,6.095
"LOC130003541",5.931,5.149,6.337,4.255,5.662,5.766,7.076,6.434
"OR4F2P",6.956,5.948,5.207,6.084,4.499,3.863,6.657,5.985
"LOC106736614",6.723,4.662,5.431,5.36,3.831,5.259,4.171,6.221
"LOC130001308",6.444,7.143,7.311,5.052,5.659,5.583,6.01,4.332
"RTN3P1",4.809,5.59,4.781,5.638,5.607,4.303,5.008,4.263
"LOC130058868",5.593,4.718,3.519,5.142,4.341,6.019,5.748,5.665
"LOC130066893",5.393,5.748,4.268,4.877,5.523,6.095,4.065,5.521
"LOC129999654",6.555,6.326,4.792,5.29,5.608,4.655,7.125,5.586
"LOC127274136",5.304,5.969,6.552,5.276,6.36,5.498,6.546,5.528
"SIRPB1",7.071,4.867,5.951,4.04,6.178,5.388,5.662,6.321
"LOC127397410",4.524,4.751,4.365,4.708,6.031,5.951,4.48,6.778
"ZFTRAF1",4.194,6.17,5.608,3.968,2.825,5.398,5.401,7.659
"LOC127458067",6.685,4.16,5.628,5.671,6.164,5.223,6.127,7.336
"RNU6-501P",5.516,5.337,4.919,4.875,5.757,6.709,5.446,5.561
"LOC121468016",5.856,4.517,5.865,4.809,5.414,6.691,6.704,5.979
"LOC129935425",3.3,5.969,5.277,4.584,5.252,5.259,8.03,6.525
"LOC127396519",2.593,6.926,6.317,3.922,3.444,6.806,5.172,4.006
"LOC127891096",3.877,5.471,6.56,7.166,4.883,5.207,2.086,5.422
"LOC127885796",5.141,5.564,2.548,6.84,5.619,3.525,6.834,5.549
"LOC130061942",5.311,5.201,4.472,6.309,4.694,5.418,5.857,5.558
"LOC129994752",3.955,2.614,6.325,4.926,5.392,6.203,3.559,5.687
"LOC125177367",7.55,6.275,5.1,5.549,6.358,6.686,6.406,6.906
"TSPOAP1",3.736,4.933,4.745,2.926,6.282,5.97,6.594,6.422
"LOC129998395",5.141,4.058,6.405,8.159,5.315,5.823,4.014,6.557
"LOC127814412",4.436,4.154,6.782,6.9,5.786,4.808,7.208,7.466
"LOC130064164",4.069,4.93,3.45,5.945,7.524,5.612,4.729,5.096
"LOC130002629",5.019,6.892,6,6.911,5.568,5.956,5.894,6.684
"LOC127403441",5.459,4.943,6.414,6.408,5.048,4.492,4.1,5.897
"LOC130008392",4.06,4.379,4.154,5.137,4.546,6.033,7.243,3.001
"LIX1L",4.896,6.042,3.463,4.678,4.771,6.229,6.609,4.271
"LOC127397153",5.036,4.859,5.636,6.242,4.26,5.469,5.243,4.666
"LOC130057798",5.721,7.433,5.367,6.038,3.014,4.667,5.707,6.427
"MBS2",6.158,6.893,5.42,5.408,7.696,4.223,7.485,5.229
"LINC01537",5.145,5.86,4.635,7.272,5.847,4.135,4.705,3.507
"ATP10D",6.631,7.535,4.905,5.937,6.087,6.688,5.9,4.844
"LOC127829164",6.174,7.347,5.311,5.04,5.958,6.416,4.513,5.717
"LOC122128457",5.306,4.24,7.21,5.044,8.1,6.015,5.794,3.568
"LOC127897516",7.336,4.179,6.996,4.935,8.305,5.375,4.875,3.95
"LOC127890920",3.013,5.872,4.049,5.486,7.143,5.83,7.474,5.686
"LOC123987607",5.352,5.994,4.272,6.888,4.463,6.038,5.017,4.311
"LOC116183050",5.46,8.374,3.752,5.951,3.345,3.977,8.328,5.818
"LOC127829700",4.282,6.15,5.642,2.807,5.88,4.664,5.314,3.199
"LOC127400667",6.92,3.255,7.18,6.306,4.812,4.135,6.648,5.232
"LOC130064213",5.54,5.327,5.745,5.391,5.357,7.825,4.592,5.282
"LOC127276327",5.772,7.137,5.376,6.088,5.85,3.144,4.95,6.793
"LOC127409420",4.486,6.491,3.579,4.973,7.228,6.11,4.641,7.183
"LOC129937150",4.87,5.541,6.082,5.485,5.1,3.917,5.05,5.392
"LOC127459227",5.065,5.024,7.751,6.933,4.206,5.816,5.422,5.357
"LOC129662150",6.024,5.422,4.619,5.171,5.185,5.75,5.029,6.78
"LOC124903101",5.15,7.088,5.887,5.031,5.513,4.969,4.499,7.938
"LOC129390240",6.25,7.296,7.473,7.868,5.029,6.819,5.414,5.522
"LOC129995095",4.034,5.887,5.339,7.085,4.916,6.324,5.431,6.365
"LOC127818711",6.496,5.57,6.489,5.131,5.976,6.186,5.774,5.589
"OR52M2P",5.211,3.272,5.141,3.349,4.795,6.729,6.525,4.683
"LOC124903814",4.774,3.786,3.384,5.14,4.633,5.755,4.799,4.15
"LOC124906463",4.632,7.109,4.258,3.47,6.945,4.13,5.858,5.313
"CENPBD2P",7.712,5.96,5.914,5.004,2.931,4.192,6.825,7.006
"LOC130059347",3.17,5.038,3.393,5.728,5.579,6.435,7.214,5.317
"LOC127887727",4.672,4.019,6.201,3.927,8.145,7.895,6.149,4.902
"OFD1P15Y",5.099,6.693,8.335,5.151,6.06,5.206,4.76,3.118
"LOC130067133",3.288,5.685,4.074,5.554,4.435,5.715,4.422,6.447
"LOC127272278",6.895,5.702,5.333,4.387,3.885,5.914,5.747,4.403
"CFAP298-TCP10L",5.683,5.956,5.314,5,6.406,6.468,5.98,5.769
"LOC129661056",5.894,6.219,4.089,6.215,4.514,6.064,6.777,4.673
"CCIN",6.374,4.787,7.174,5.848,6.327,5.274,4.957,3.826
"LOC110740340",5.543,5.381,8.534,5.283,4.335,8.09,4.448,5.625
"LOC129936711",7.121,7.966,4.625,5.477,3.888,6.045,4.518,6.237
"LOC132089200",5.786,6.596,3.739,6.256,5.691,5.754,5.127,5.597
"LOC127399848",5.887,6.781,5.725,3.763,4.517,5.261,6.327,5.893
"LOC130006981",7.58,9.698,3.996,5.074,8.146,4.296,4.582,4.861
"METTL13",5.737,5.414,7.176,4.714,4.555,6.638,4.417,5.653
"RPL7AP49",6.015,5.329,5.989,5.136,4.844,6.913,6.314,6.551
"LOC129932505",5.986,5.135,6.291,2.718,4.895,5.716,4.913,5.355
"LOC127827934",5.357,6.906,4.171,4.505,6.394,4.998,5.546,4.994
"CREG1",6.35,6.012,5.362,5.365,5.678,6.323,2.329,5.998
"NID2",5.389,4.212,1.791,6.616,4.791,5.066,5.43,7.327
"LOC129934247",6.426,4.68,5.821,5.713,6.336,4.024,4.367,6.884
"EHHADH",5.109,5.086,6.023,6.506,6.768,4.385,5.56,6.018
"LOC129662241",7.83,4.778,5.747,4.645,5.145,6.096,5.216,4.504
"LOC127815480",5.294,5.796,5.557,3.286,4.504,3.697,5.354,5.261
"LOC130062344",5.397,5.315,8.14,5.628,6.213,4.36,6.064,4.531
"LOC129663987",5.06,5.584,5.44,6.44,5.539,4.703,4.884,4.993
"LOC130003145",6.23,5.878,4.355,6.992,7.241,5.192,5.029,4.242
"STXBP5-AS1",5.341,4.488,4.594,5.491,4.909,3.746,5.39,3.021
"LOC100420117",5.221,4.546,5.6,4.269,5.77,4.831,6.969,3.9
"LOC127818451",6.234,4.115,6.065,5.459,7.556,6.351,5.407,4.015
"LOC124906898",6.937,5.245,5.716,5.149,6.953,3.007,4.825,5.318
"LOC129991998",6.074,6.081,3.69,6.104,7.624,5.046,5.891,6.253
"LOC127823302",5.004,6.987,3.199,6.347,7.248,5.607,6.314,6.818
"LOC129994091",3.183,5.893,4.056,5.815,7.64,5.023,5.825,4.411
"LOC127898459",4.537,6.767,5.2,6.142,5.689,4.156,6.078,7.196
"LOC127890103",6.119,6.468,6.292,6.917,8.326,5.254,3.589,5.496
"LOC127830169",6.04,5.72,6.621,8.62,8.111,3.812,2.63,6.79
"LOC127883930",6.353,4.412,4.592,5.321,3.986,7.38,5.571,5.535
"LOC127269792",4.857,5.041,4.577,3.704,3.942,6.403,4.917,4.931
"OR9G4",2.571,3.867,4.976,5.461,5.712,6.249,3.41,5.432
"MIR148B",4.264,8.093,7.458,6.659,5.278,5.274,4.954,7.196
"LOC132090715",5.995,4.282,7.422,4.66,6.17,6.849,5.407,5.439
"LOC129664481",5.17,5.332,5.337,6.653,6.322,6.008,6.287,5.001
"SFMBT2",7.254,3.738,9.005,4.788,3.732,6.765,5.976,4.225
"LOC126806507",6.027,6.638,5.39,5.118,4.426,6.633,4.938,2.887
"CDKL4",5.365,6.41,5.034,6.265,4.665,5.655,4.89,3.781
"LOC390358",5.073,3.871,6.37,5.222,4.037,6.907,7.818,6.694
"LOC130004899",6.633,5.224,3.515,5.465,5.757,4.823,6.823,4.955
"LOC129998365",6.149,5.853,4.928,6.084,6.938,6.095,5.688,4.931
"LOC127404391",5.277,3.642,6.342,6.342,6.891,4.957,5.435,5.215
"HNRNPA1P75",4.661,6.093,5.758,4.921,2.985,5.709,4.88,4.546
"LOC129993674",5.352,4.057,6.565,5.442,5.411,4.214,5.905,5.199
"LOC127273223",5.815,5.601,5.115,5.656,4.951,6.336,5.081,5.737
"LOC127893840",3.627,6.218,7.503,8.367,7.001,6.622,5.133,5.343
"CDK3",5.299,4.699,5.605,3.01,6.047,4.628,5.608,5.837
"LOC127408616",5.551,5.564,6.184,6.16,6.759,3.369,5.526,5.346
"LOC129661130",6.016,6.315,5.672,5.004,6.014,6.851,3.667,6.543
"HNRNPCP9",6.285,5.205,5.073,7.647,4.993,7.327,5.303,6.396
"LOC105374138",6.252,4.715,5.997,5.693,4.004,6.178,6.496,5.216
"NUDT8",6.568,6.573,6.228,7.248,5.521,5.981,4.079,5.357
"LOC124901101",6.033,6.711,4.867,5.563,5.851,5.885,6.172,4.566
"LOC129998219",7.646,4.826,3.235,5.563,5.079,4.989,4.392,5.675
"TRBV4-1",6.784,6.04,5.296,5.875,3.652,5.779,6.589,5.244
"LOC105373056",5.275,4.575,5.977,6.063,5.254,4.092,6.644,5.17
"FICD",3.787,4.787,5.063,3.904,4.954,5.699,4.31,4.154
"LOC130003199",6.969,4.368,5.34,7.739,3.743,8.458,6.306,3.597
"LOC127894490",4.973,5.425,5.468,5.752,6.433,3.133,5.716,5.989
"LOC127827881",5.843,5.81,5.781,4.533,5.124,5.48,5.985,6.097
"LINC02653",4.413,7.31,6.652,3.89,7.515,4.559,5.712,5.347
"LOC127456889",4.566,6.431,7.594,4.584,4.965,4.102,7.042,5.151
"LOC105377212",3.948,5.018,5.454,6.862,2.298,6.717,5.817,6.996
"DMRT3",6.118,4.817,7.065,4.906,6.348,4.646,4.514,4.432
"LONRF2",3.635,5.223,5.018,5.841,6.613,5.853,3.78,4.699
"LOC130007624",4.586,5.83,4.384,5.121,4.363,5.597,5.2,4.75
"LOC121392913",6.519,8.491,6.199,4.152,7.398,6.224,6.008,7.306
"LOC130001191",5.422,4.48,5.561,6.99,6.577,6.148,6.498,6.272
"LOC132088696",5.722,6.249,7.485,5.006,5.992,6.094,6.47,5.281
"MAFTRR",5.158,6.343,4.579,5.834,8.109,6.01,4.085,5.987
"LOC130068391",4.907,2.64,5.002,4.996,7.191,4.08,6.17,4.417
"LOC124902580",6.023,6.694,4.455,6.36,7.27,5.817,4.968,5.437
"LOC127820692",6.95,2.514,4.736,6.624,6.635,5.557,6.88,5.249
"LOC127457079",7.501,3.963,6.939,4.654,7.214,5.771,4.749,6.482
"LOC127272520",5.084,5.043,4.46,5.562,3.633,7.119,8.276,6.382
"LOC129661458",4.06,6.266,5.082,4.607,4.215,7.174,5.927,4.725
"IGKV2D-29",4.537,6.622,7.116,4.839,5.579,6.332,6.809,7.215
"LOC129391002",4.957,6.072,7.985,6.369,6.546,5.088,5.584,5.945
"LOC129992171",5.217,4.371,5.182,7.019,3.958,5.921,3.335,3.574
"LOC110120645",6.027,6.308,6.373,4.615,6.335,3.167,3.801,5.701
"ERVS71-2",4.559,7.387,5.797,5.439,5.773,4.289,4.342,5.907
"LOC124310575",5.919,4.086,4.568,6.735,5.965,4.84,3.645,6.275
"LIX1",6.363,6.357,6.089,5.862,6.268,3.264,5.852,5.979
"DNAJA2-DT",5.521,5.639,5.838,5.055,4.498,5.234,2.913,5.821
"LOC127397194",7.177,5.401,3.214,4.298,5.937,6.428,6.575,5.716
"LOC127823919",4.836,6.001,4.852,5.303,6.924,5.914,5.945,4.88
"MLF2",3.86,6.038,6.096,4.445,5.971,3.774,5.574,5.348
"LOC105369491",5.655,5.681,7.764,7.696,5.869,3.942,3.973,5.71
"LOC129934814",4.92,5.975,7.021,5.663,7.081,6.874,5.363,3.561
"LOC129932724",4.794,5.028,6.613,4.739,5.082,4.943,5.672,5.405
"ME3-DT",5.067,5.968,3.691,3.139,7.8,4.275,4.379,7.122
"RN7SL32P",5.613,5.336,6.606,4.378,6.693,5.435,5.09,7.283
"LOC127273434",3.806,5.358,3.463,5.172,6.106,3.099,4.744,7.023
"LOC127398912",5.768,5.168,5.598,6.545,7.541,6.651,5.937,4.294
"LOC127817831",5.874,5.656,5.998,3.275,5.543,2.331,5.888,6.013
"LOC121740695",3.799,4.483,6.618,4.283,6.79,4.371,4.395,4.36
"LOC127819756",5.592,7.386,8.302,5.623,3.011,5.444,5.379,4.071
"LOC130002780",8.186,5.908,7.893,6.545,5.84,8.176,7.375,3.766
"KAT7",3.583,4.646,5.797,4.771,4.599,5.886,5.687,5.798
"LOC129998638",4.26,4.831,4.9,6.599,5.431,5.305,5.954,4.479
"LOC127897691",6.617,5.768,6.572,6.281,5.742,4.137,6.195,5.267
"CASP1P1",3.765,7.881,5.846,4.531,5.786,4.859,5.274,7.361
"ERVK-7",4.089,3.398,5.303,7.484,5.189,8.107,5.928,5.586
"LOC127895452",6.457,3.413,4.613,4.669,6.445,4.294,6.541,4.185
"FRA11I",6.343,6.561,3.73,4.301,3.718,4.547,3.897,5.068
"LOC126862424",4.201,4.071,5.634,6.496,1.388,4.537,4.501,5.415
"LOC126806805",5.841,4.476,4.552,5.265,8.009,3.679,5.913,6.621
"LOC132090142",5.794,3.783,2.745,6.163,4.671,7.117,3.762,5.201
"LOC124909236",5.187,6.463,4.913,5.212,4.406,4.426,5.706,6.204
"LOC127825711",5.102,6.672,6.952,5.594,5.892,5.751,5.572,5.657
"LOC129664824",6.213,4.362,5.149,5.296,7.708,5.198,8.063,7.676
"LOC130002929",4.759,5.591,4.759,4.697,6.278,7.325,4.193,7.051
"LOC129662521",5.8,6.317,5.664,6.415,6.877,4.946,5.679,7.566
"LOC124903434",7.68,8.259,5.141,6.77,5.31,6.961,4.584,7.009
"LOC130059407",4.173,4.909,4.232,2.134,7.37,4.658,5.854,6.146
"TMEM183A",6.548,6.363,7.218,5.275,5.793,6.019,4.73,4.887
"LOC127404488",5.226,5.351,7.516,4.85,3.977,5.395,6.614,4.552
"LOC132090903",6.902,4.469,7.128,5.179,3.99,5.386,5.284,4.714
"LOC126862329",6.03,5.414,8.531,4.789,5.643,6.524,6.928,6.714
"FNDC3CP",6.468,6.534,4.754,4.39,6.729,4.782,5.595,5.697
"LOC127822374",6.608,5.761,5.306,5.77,6.21,3.527,5.515,5.754
"EBF4",5.124,6.212,3.082,6.626,5.377,5.331,5.518,6.775
"LOC129997581",6.65,4.652,5.796,7.497,4.887,6.075,7.103,4.199
"SLC25A5P4",6.288,5.782,5.228,6.224,5.638,5.97,6.767,6.153
"LOC127268281",6.124,3.372,5.135,5.077,6.673,4.505,5.951,6.586
"OR11K2P",4.926,5.759,3.855,3.976,7.332,5.651,4.27,4.282
"FZD7",4.868,4.028,6.672,4.362,6.999,5.464,5.038,6.939
"RELB",6.193,3.34,7.767,4.982,5.813,6.518,5.523,3.603
"LOC130066098",4.368,4.452,6.465,6.662,6.895,5.185,5.538,5.096
"LOC129999460",6.319,6.664,3.144,3.06,6.99,7.908,4.057,4.612
"H2AZ2-DT",4.176,6.914,6.112,5.288,7.045,3.81,6.358,5.682
"LOC124900805",3.823,6.639,3.549,5.459,5.753,4.449,3.786,5.788
"LOC126861756",4.349,5.361,5.954,6.348,6.295,1.604,8.882,6.296
"LOC129992753",6.719,5.87,6.369,7.097,7.285,3.765,5.217,5.888
"LOC129997698",6.543,4.359,3.327,7.7,6.771,5.15,6.806,4.546
"LOC129998087",8.872,5.529,4.451,6.541,3.773,6.026,5.752,5.854
"LOC127816264",3.167,6.609,1.994,5.491,5.781,6.718,5.502,6.52
"LOC127276507",5.546,4.211,2.261,5.95,5.2,7.605,3.846,4.412
"LOC127882759",1.883,3.406,3.86,3.074,3.4,4.467,8.211,8.571
"LOC127894196",6.564,6.723,5.414,5.123,3.74,5.76,6.437,7.084
"LOC127399998",6.035,2.991,5.407,6.615,4.979,5.273,5.53,6.473
"LOC129993832",4.353,5.711,5.016,5.716,5.773,5.174,5.222,5.329
"LOC127409325",4.756,6.046,5.815,5.553,6.141,6.584,5.387,3.529
"LOC127820783",4.48,6.313,7.138,6.939,4.579,6.045,5.355,6.496
"LOC105376090",3.576,5.667,7.169,4.627,6.001,4.196,6.603,4.093
"PKD1P6",5.433,5.247,4.431,5.429,4.796,6.098,5.666,6.425
"LOC129995089",3.405,4.672,3.84,3.835,4.806,5.196,5.515,4.954
"LOC130003836",5.79,5.544,5.061,6.268,4.906,5.175,5.132,6.637
"LOC129929948",4.966,6.953,5.67,5.89,5.849,5.995,3.859,5.575
"LOC127460560",5.606,4.838,5.327,5.606,6.387,4.711,5.699,3.568
"LOC127882730",4.086,8.043,5.08,5.147,7.541,5.957,6.261,5.049
"LINC01958",5.663,6.403,5.097,4.412,7.554,6.902,5.646,6.27
"LOC127396656",6.543,6.69,5.313,6.974,6.985,5.803,8.85,4.631
"LOC129389100",5.187,8.505,3.498,5.652,7.537,7.215,5.643,6.511
"LOC127400059",4.272,6.638,4.2,6.075,5.549,5.397,6.846,4.211
"LOC126859766",5.388,6.551,5.616,5.069,6.613,7.247,5.207,6.375
"LOC127820936",6.373,4.615,6.188,4.338,4.801,5.77,4.483,5.597
"LOC126088088",5.979,6.214,3.893,4.964,7.9,4.566,5.738,5.464
"LOC127885440",5.887,4.592,5.039,4.239,4.859,5.715,7.665,5.571
"SLC26A3",7.603,6.136,4.322,6.276,5.41,4.857,5.632,4.997
"LOC127884946",4.678,6.163,6.215,2.504,5.636,4.338,3.181,5.506
"BNIP2",3.748,5.481,3.91,5.727,6.687,7.565,3.645,6.499
"PLCD1",6.226,3.751,4.299,4.474,6.181,7.785,5.281,6.453
"LOC129930168",6.818,5.153,6.159,6.325,3.952,5.316,6.621,4.206
"LOC130059640",3.687,6.108,4.226,6.41,5.979,3.418,6.131,5.479
"LOC124907282",3.099,4.454,7.022,5.753,4.893,4.701,8.088,4.152
"LOC127460466",5.917,4.006,7.358,7.053,6.167,4.985,8.038,5.923
"ARL2BPP8",5.84,6.331,6.733,5.626,4.71,7.063,6.898,5.604
"LOC124625891",3.463,4.451,6.857,5.778,4.797,7.867,7.452,3.829
"SYCP1",5.062,5.046,4.995,7.628,6.988,5.9,4.852,4.066
"LOC130001254",4.145,5.883,3.575,3.885,3.226,5.17,5.126,6.832
"LOC127896666",4.873,6.741,6.713,2.885,5.908,4.49,5.79,6.974
"LOC127884348",7.122,3.562,2.998,3.674,4.514,4.352,4.536,5.88
"LOC127895519",5.118,3.91,6.286,6.651,3.764,5.784,6.028,4.998
"INSM2",5.116,5.935,4.462,5.75,5.264,6.554,5.655,5.71
"LOC122094897",5.777,5.978,3.978,6.031,5.025,6.435,4.985,3.534
"LOC111776220",6.189,4.737,5.845,7.484,6.755,5.232,6.382,6.173
"LOC127898162",7.323,6.353,4.364,7.014,4.38,3.777,4.863,4.814
"LOC127405530",5.669,4.886,6.293,5.261,6.127,3.427,6.107,5.42
"LOC101929154",5.94,6.886,5.041,5.4,6.037,5.422,6.006,6.179
"LOC105375716",4.953,6.61,3.841,3.974,3.885,6.053,5.31,5.018
"LOC124904307",5.8,6.393,6.919,4.445,5.931,6.106,3.989,4.669
"LOC127269604",5.755,5.793,3.271,6.651,5.063,4.358,9.07,3.847
"LOC127892035",5.409,4.941,4.726,3.171,5.838,5.995,3.762,5.589
"LOC127274634",5.707,8.81,3.887,4.408,3.802,4.824,5.552,5.333
"LOC127896298",5.576,5.253,5.28,4.112,4.179,5.237,5.834,6.024
"LOC127818203",5.958,5.886,7.576,4.976,3.947,5.932,6.744,5.211
"LOC127890004",6.831,8.275,6.062,4.02,6.07,6.523,3.776,4.808
"LOC127818533",6.145,5.432,5.113,7.188,6.759,6.443,7.716,6.009
"LRRC37A14P",5.496,5.224,4.882,6.027,6.305,6.52,5.439,7.99
"CTAGE10P",5.154,6.161,5.486,7.778,2.726,5.036,5.205,6.794
"LOC127402137",6.608,5.76,7.1,7.407,6.209,6.766,5.585,3.783
"LOC129931245",4.915,8.311,4.933,7.48,5.728,6.247,6.927,5.27
"LOC127269782",5.98,6.069,6.041,4.512,3.927,5.618,4.46,6.164
"LOC127273124",5.825,5.736,5.829,5.484,5.555,5.294,5.771,6.397
"C16orf89",6.647,5.427,5.618,7.316,5.268,4.85,7.105,5.419
"LOC124902773",4.597,6.467,2.761,5.716,7.132,5.695,6.749,8.58
"MAFD2",8.298,6.611,6.192,5.398,5.956,7.523,4.565,6.603
"LOC105374115",7.118,4.673,6.416,6.77,5.212,5.083,3.915,3.533
"LOC124902623",5.735,4.116,3.465,5.341,5.126,3.828,5.887,3.653
"CACNA1D",5.107,5.164,7.23,5.98,4.146,5.466,6.367,5.8
"AIDAP1",3.768,4.89,5.831,6.721,3.192,5.122,6.616,5.565
"LOC129994955",4.392,6.99,2.032,4.451,5.902,6.085,3.811,5.453
"H4C9",5.252,5.007,3.542,5.551,5.035,8.097,3.805,6.146
"GOT2P7",4.541,5.584,3.978,4.741,5.109,5.504,4.537,5.967
"LOC124901206",5.823,6.702,3.27,5.486,5.201,6.372,5.659,4.473
"RHOG2P",6.382,3.837,3.911,4.434,6.542,4.439,6.606,7.121
"LOC127824835",4.587,7.584,8.926,4.807,3.099,3.261,4.502,6.466
"LOC130007097",5.829,5.747,4.685,5.144,5.634,6.1,7.653,6.28
"LOC127830553",3.67,4.836,5.661,4.997,4.952,4.161,5.944,7.141
"C2CD4D-AS1",6.139,7.35,4.964,3.246,7.66,6.088,5.853,6.027
"LOC130060271",5.5,7.721,7.467,5.035,4.533,4.426,4.707,5.411
"LOC129992292",4.986,5.818,6.324,5.672,4.893,7.071,3.66,4.085
"LOC107988042",5.138,6.452,1.801,5.748,5.98,6.645,5.751,6.142
"LOC100130298",4.637,3.793,3.864,1.371,4.728,7.672,5.223,4.26
"LOC127897141",5.069,1.888,6.619,6.165,6.524,5.045,2.566,7.316
"LOC127399688",5.365,5.884,6.115,4.144,4.814,6.331,6.068,6.055
"TMEM60",5.827,6.742,7.247,6.176,3.472,7.319,5.831,4.903
"LOC105372592",4.683,5.45,6.959,2.124,6.243,3.432,4.256,7.271
"LOC127895604",6.817,6.182,5.312,7.347,5.793,5.32,4.158,6.978
"LOC129388753",4.561,6.073,8.304,5.445,4.935,5.087,5.232,6.858
"ANKRD13D",4.215,4.534,7.67,4.792,5.819,6.297,6.382,5.462
"LOC124906928",2.411,5.619,5.461,5.564,5.489,5.347,4.674,5.153
"MESTP1",5.465,4.64,8.319,6.222,3.647,5.295,6.964,3.708
"RNU6-300P",5.587,5.672,3.452,5.449,4.944,5.204,5.106,5.347
"LOC127885249",6.3,7.307,4.824,5.961,5.984,4.637,5.602,6.363
"LOC121725024",3.765,5.281,5.281,7.047,5.94,6.084,4.063,8.322
"HNRNPA1P42",5.252,5.355,4.339,5.421,3.479,4.309,6.573,5.145
"LOC130009637",6.039,5.99,5.729,5.69,4.328,5.387,4.149,4.625
"LOC127819621",5.164,6.308,5.522,4.609,6.16,8.479,5.749,8.871
"LOC127829465",6.54,3.662,7.262,5.751,4.853,5.256,6.528,6.685
"LOC130066292",6.265,7.386,4.009,6.263,3.344,7.544,3.605,5.68
"EIF1P2",3.877,4.02,3.853,4.034,6.079,4.631,6.904,3.786
"LOC130002228",6.473,5.661,4.3,4.324,7.686,5.619,5.211,4.167
"LOC130006187",4.774,6.923,6.9,3.764,5.159,3.559,3.634,6.116
"LOC127397179",6.882,3.213,6.507,5.335,6.647,2.362,6.824,6.866
"LOC127402875",5.849,5.974,4.78,7.546,3.615,4.696,5.489,7.139
"ZACN",3.967,4.66,3.04,5.583,6.883,4.956,3.8,4.578
"RN7SL368P",5.721,5.594,3.3,3.278,4.859,7.963,5.614,7.28
"LOC127819579",7.93,6.974,6.543,4.557,5.178,3.339,3.997,2.82
"LOC105370058",4.712,6.397,5.32,7.611,4.747,5.376,4.862,5.692
"HPCX2",6.118,7.224,5.81,3.641,5.408,4.612,5.936,4.585
"LOC130063753",6.362,5.22,7.303,5.597,5.27,4.959,4.713,5.27
"LOC127818169",6.16,3.981,4.243,7.145,6.279,5.224,7.106,5.583
"LOC127457817",5.556,5.711,5.743,5.67,1.889,6.619,4.17,5.387
"PKP2P1",3.982,4.544,7.312,6.482,5.342,5.473,7.648,7.805
"LOC127408814",6.182,4.475,6.842,5.2,4.306,6.283,6.159,3.894
"LOC127457437",5.835,8.109,5.849,5.661,6.627,5.942,4.42,5.87
"LOC127817424",7.044,3.231,5.796,6.756,4.882,2.553,4.474,4.565
"LOC126859874",5.306,4.928,4.67,7.235,6.165,5.349,3.684,4.17
"LOC127891723",6.577,5.934,7.854,6,6.904,6.099,6.843,6.615
"LOC129935615",5.847,4.993,5.66,5.902,4.518,7.505,6.796,5.621
"LOC127267749",6.535,5.186,5.03,5.559,5.923,4.589,5.935,5.985
"LOC129994782",3.297,4.92,6.529,4.061,7.976,6.615,3.555,5.304
"LOC129931115",5.452,6.097,4.945,6.211,4.509,7.232,5.125,5.71
"SLC22A20P",4.103,5.53,6.548,6.734,5.406,5.916,6.161,5.369
"RNU6-746P",5.467,5.211,5.615,5.732,5.914,5.846,4.322,5.699
"LOC127399571",7.158,5.572,5.547,5.515,5.883,5.651,3.237,4.975
"MIR4436A",5.866,5.076,4.303,7.049,6.36,3.601,4.544,4.313
"LOC110599582",6.688,4.209,6.115,3.883,6.697,4.428,6.074,6.764
"LOC127276012",5.736,6.454,5.922,6.615,7.06,3.822,5.597,7.401
"LOC129932615",6.203,6.435,5.411,3.971,6.162,5.713,6.501,5.956
"NPM1P47",5.994,3.546,6.688,5.233,4.637,5.094,6.003,7.484
"LOC130066028",4.303,5.239,3.766,5.439,6.865,5.008,5.903,7.379
"LOC129930374",5.01,3.844,5.623,6.481,5.301,4.91,5.391,6.732
"LOC127891654",5.133,5.834,7.013,4.994,5.35,5.653,3.656,5.658
"LOC127401688",7.208,4.29,7.814,4.077,5.225,5.008,6.077,5.217
"KIAA1671",6.36,6.415,5.591,4.666,7.632,4.434,5.403,6.03
"TRR-TCT3-1",4.425,5.265,6.31,6.203,7.026,5.724,7.211,6.75
"CCNB3P1",3.518,6.771,3.757,3.547,4.54,5.283,6.055,5.476
"TMEM209",5.51,5.229,3.847,4.381,4.875,4.711,7.5,5.374
"LOC127891415",3.888,6.312,5.177,5.912,5.25,4.524,5.157,8.884
"LOC127891943",5.214,3.74,3.784,5.711,6.21,4.575,6.659,5.692
"LOC127403023",7.274,7.486,5.839,5.775,3.033,6.681,7.906,3.648
"RPL27AP4",6.087,5.346,4.398,7.662,6.707,5.218,4.2,4.921
"LOC130056395",6.047,5.834,7.335,4.787,4.795,4.926,5.33,5.753
"LOC127273533",4.574,4.866,5.973,6.066,4.778,4.783,4.89,6.082
"LOC129390547",4.14,6.87,3.923,5.982,7.162,4.978,6.439,5.121
"MIR887",6.961,4.823,4.237,5.394,5.7,4.316,3.099,4.856
"PTENP1-AS",5.56,4.701,5.951,7.189,5.046,4.374,4.352,7.012
"LOC130009010",6.016,4.72,7.421,4.541,7.43,4.406,6.169,5.246
"LOC125177522",3.754,6.989,4.708,7.517,4.525,6.36,6.066,5.277
"LOC127828614",4.347,5.066,6.838,7.719,6.914,7.489,4.93,5.861
"LOC129390948",4.252,4.705,4.727,6.486,5.383,4.311,5.388,3.665
"LOC129661075",5.537,6.935,4.718,5.668,5.73,4.865,4.574,5.694
"LOC130000311",5.507,5.903,4.707,4.94,6.444,6.508,6.13,4.589
"LOC130055793",5.218,4.926,6.141,6.798,5.52,5.659,4.82,6.171
"LOC132205966",7.949,5.478,8.577,7.275,5.578,4.712,5.218,3.558
"LOC129998053",4.348,5.294,5.306,3.226,5.396,5.507,7.434,6.081
"LOC129930531",7.347,3.925,6.326,5.115,4.476,6.265,4.424,5.574
"LOC130059262",5.372,6.496,5.698,6.052,2.535,6.002,4.528,5.204
"OLA1P3",4.493,3.248,6.738,5.27,7.272,7.06,5.434,5.007
"LOC124902071",5.29,5.052,7.928,6.286,5.373,5.972,6.086,6.571
"LOC130006879",6.791,6.314,5.46,6.629,7.095,4.612,5.236,7.108
"LOC124900566",5.584,6.073,4.985,6.278,5.129,5.34,6.057,6.38
"NDRG4",8.426,5.979,4.882,5.364,5.537,6.052,7.114,5.243
"LOC127405794",6.079,5.435,5.598,6.164,4.829,4.856,4.634,5.359
"LOC127271078",5.629,4.719,2.477,6.163,4.325,4.868,5.955,6.869
"LOC129660293",5.244,5.037,5.824,5.591,6.784,6.77,6.444,5.006
"LOC127889643",5.117,5.438,4.716,5.61,6.326,4.435,6.341,5.155
"LOC127457749",4.998,4.847,6.912,4.126,4.815,5.618,7.06,5.563
"LOC124906113",5.463,7.06,4.608,4.946,5.806,6.625,6.383,4.084
"LOC127273693",6.003,3.102,6.885,6.899,5.102,5.888,4.329,5.01
"LOC127405706",6.75,4.982,5.308,5.915,6.742,4.761,6.118,5.333
"PATE3",5,5.58,5.707,4.64,6.121,4.819,4.851,4.744
"RAB11AP1",5.831,6.761,4.088,4.255,3.525,5.99,7.246,4.06
"LOC129663721",4.37,5.297,6.313,7.018,6.301,5.836,5.718,7.571
"LOC127458206",3.453,6.195,7.588,6.291,5.139,2.57,4.517,5.969
"LOC130006227",5.342,5.749,5.398,3.818,5.781,5.691,4.101,2.821
"LOC127898331",6.893,3.616,5.233,5.975,4.847,5.158,4.149,4.574
"RNU6ATAC11P",6.684,6.504,5.945,4.946,3.773,4.522,6.783,3.639
"MTCO3P8",6.691,6.87,6.416,5.523,5.277,5.171,6.114,4.407
"LOC116309137",7.141,5.881,5.397,2.642,6.854,5.754,4.786,3.911
"LOC130059384",6.175,5.984,7.094,5.101,5.475,4.82,4.392,4.47
"LOC130004633",5.363,5.695,6.36,5.654,6.955,6.519,4.445,5.608
"LOC127400085",5.334,4.079,5.324,5.807,6.651,5.855,5.771,5.443
"LOC129997622",6.006,5.541,2.751,4.467,5.931,5.715,4.698,6.304
"LOC124901601",6.212,4.181,5.515,5.273,5.078,6.038,5.24,5.025
"LOC129937390",4.15,4.2,8.474,8.139,7.445,6.742,5.826,5.812
"LOC130008239",7.954,5.134,6.9,6.001,5.889,5.989,1.711,5.989
"MTCO2P23",4.491,4.813,5.627,4.789,5.46,7.289,6.088,6.609
"LOC130007966",4.459,6.008,4.755,4.768,7.361,6.597,6.122,6.15
"LOC127272497",5.482,5.294,6.338,6.108,6.225,3.498,6.058,5.149
"LOC130068554",6.925,3.919,5.669,2.872,6.366,4.246,6.356,3.155
"LOC129994573",5.895,5.682,5.864,7.238,6.711,6.282,4.496,5.325
"SPDYE12",5.888,5.168,6.533,5.793,3.824,3.315,6.434,5.362
"LOC130007437",3.728,5.817,4.788,3.776,3.759,5.588,5.404,4.012
"LOC130058078",5.254,6.116,6.033,7.116,4.691,7.362,6.64,5.632
"LOC124903503",5.253,5.484,6.544,6.25,6.548,4.227,5.816,6.219
"LOC129935262",3.997,4.782,3.78,7.022,6.696,4.545,4.32,7.394
"LOC121832839",6.41,3.899,5.615,5.531,3.375,8.072,4.066,4.416
"LOC125177510",4.046,3.857,5.734,3.695,7.787,6.937,4.397,5.077
"LOC121725051",5.731,5.742,4.957,5.866,8.387,3.337,5.199,4.926
"LOC112267890",6.957,6.525,5.361,5.161,6.315,5.206,5.655,4.318
"OR4C6",5.687,5.383,7.141,7.987,3.527,4.452,6.431,6.365
"LOC127883264",3.457,4.7,6.36,6.182,4.604,6.444,6.401,6.423
"LOC112872298",5.177,5.66,4.805,5.942,4.536,5.416,6.025,4.169
"TEX44",5.899,5.592,6.146,4.08,6.078,5.075,7.259,5.904
"DAAM2",4.717,3.096,8.346,5.346,5.204,5.366,4.518,5.226
"LINC01479",5.88,6,5.378,4.337,6.416,5.894,6.136,4.293
"LOC127408460",5.615,6.291,5.18,7.359,7.551,5.451,8.49,5.489
"LOC127820832",5.672,4.154,4.993,4.681,4.246,5.606,4.964,5.992
"LOC127892946",6.012,6.199,7.266,6.235,8.82,5.184,6.978,6.238
"LOC127884231",5.488,5.042,5.76,5.755,5.922,5.156,6.596,5.226
"LOC124903843",5.393,5.953,5.165,4.159,4.533,4.707,5.361,4.197
"RPL7P19",6.749,5.172,4.006,4.496,7.665,5.011,6.205,6.575
"LOC127827114",4.043,5.349,6.281,6.96,5.527,5.78,6.215,6.226
"LOC124908702",4.357,7.137,4.41,4.21,6.238,5.78,6.061,5.352
"TSR1",4.681,3.598,4.748,6.072,5.933,6.198,5.916,7.014
"LINC01727",8.253,5.585,5.335,5.219,5.542,5.747,6.095,3.846
"LOC130004001",4.202,4.889,4.143,5.125,6.164,6.308,5.905,6.346
"LOC132089607",6.707,6.974,6.314,4.106,6.943,6.226,5.098,5.398
"GOLGA7",4.062,4.014,7.389,6.066,5.979,5.785,5.608,5.386
"LOC129931153",5.697,5.515,7.435,4.469,5.874,5.124,3.878,5.012
"LOC121832838",3.3,3.064,6.179,6.313,6.346,5.664,5.099,4.793
"LINC02915",5.508,6.405,3.703,5.534,5.366,7.045,6.072,6.112
"LOC130004364",5.17,7.279,2.123,5.482,5.736,4.841,6.018,5.937
"LINGO1",7.437,4.801,4.008,6.968,3.072,3.713,7.535,7.177
"LOC129997690",4.968,4.726,6.356,4.584,4.785,5.949,4.499,4.422
"LOC124900312",4.588,6.528,7.799,6.796,5.27,7.036,4.275,5.547
"LOC127830104",6.502,2.833,6.535,6.736,4.854,3.524,5.092,5.555
"LOC127407149",6.468,4.917,4.963,7.134,4.94,5.287,7.323,5.233
"LOC127890772",6.721,3.885,4.565,5.848,5.34,4.987,5.745,6.699
"LOC129388889",4.289,4.65,6.856,4.964,4.642,6.317,3.815,5.566
"LOC127822735",6.233,6.083,4.674,7.142,6.577,5.348,7.31,7.447
"LOC127896909",6.178,4.682,5.693,6.245,4.469,3.898,4.962,6.051
"LOC342784",6.039,4.22,6.184,5.968,3.45,6.286,6.294,6.829
"LOC127894946",6.369,4.436,5.173,5.426,4.407,6.951,5.876,6.199
"LOC127825072",5.763,5.178,6.036,6.164,4.267,5.315,6.829,7.404
"LOC130066895",2.276,5.203,5.209,7.316,4.725,6.475,5.602,4.793
"RPL31P5",6.359,6.209,4.885,5.518,7.136,5.17,6.179,7.346
"LOC108178987",4.672,7.36,4.829,5.929,4.587,6.089,3.706,5.744
"RAPGEF3",4.8,7.563,5.281,7.212,4.646,6.007,3.254,5.602
"LOC129935567",7.372,6.804,6.224,5.852,5.944,6.396,7.175,4.402
"LOC124905368",3.77,5.016,4.867,5.844,5.489,4.1,7.233,4.273
"LOC124625839",5.221,3.889,2.511,6.065,5.784,4.589,4.53,4.209
"LOC129661632",4.761,3.389,5.217,5.761,4.953,3.565,5.938,5.895
"LOC127268093",6.165,3.644,4.485,5.694,3.184,6.951,5.068,4.148
"LOC125146439",5.821,5.377,5.203,5.317,5.412,5.347,6.35,2.334
"LOC127405234",5.182,5.425,5.045,4.723,4.41,5.207,4.618,7.26
"LOC127815376",4.277,3.412,5.774,4.232,6.491,5.797,6.438,5.214
"LOC127401518",6.502,6.446,5.703,5.21,4.66,7.26,4.404,7.065
"SPTBN2",2.837,5.32,4.225,4.914,5.347,7.535,5.198,6.659
"LOC110120896",3.268,5.904,6.277,4.857,4.211,5.77,5.002,4.287
"HMGN1P38",5.353,4.825,3.367,5.481,3.065,3.418,6.102,6.466
"LOC127829378",7.717,5.08,3.637,4.561,5.556,6.108,4.754,5.788
"LOC130068022",4.355,5.911,1.86,6.152,6.614,3.298,6.393,5.148
"HEATR3-AS1",4.832,5.874,7.712,5.43,6.055,5.886,2.793,6.319
"LOC127276280",5.262,5.114,4.925,7.259,5.136,4.178,5.436,5.808
"LOC100130612",5.71,4.783,4.918,6.456,6.34,3.185,4.137,4.689
"LOC127825107",6.082,6.771,6.949,4.14,6.073,7.062,3.966,3.322
"LOC130002523",5.109,5.175,5.346,6.251,4.758,6.751,3.661,5.311
"LINC02751",3.744,4.502,5.206,7.564,3.531,5.202,4.605,5.606
"LOC130008835",6.709,4.249,4.469,6.918,5.041,4.724,7.009,5.014
"LOC130056032",4.522,4.497,5.503,3.351,4.977,4.491,5.187,5.723
"LOC113174991",4.094,6.198,6.187,4.939,6.48,8.731,6.39,5.188
"SNORD116-7",4.793,6.91,5.949,5.726,7.535,3.913,6.134,6.893
"RNU6-940P",7.437,6.326,6.436,5.618,4.65,3.81,4.556,4.81
"FAM180A",5.696,3.179,5.497,5.664,7.262,6.601,5.669,5.148
"LOC127829521",5.306,5.863,6.647,5.285,5.755,4.867,6.882,5.351
"LOC129932145",6.036,7.5,6.288,5.611,5.049,6.856,5.588,4.891
"LOC127405689",6.026,7.857,5.952,4.581,7.698,5.645,6.299,7.138
"LOC126862045",6.816,6.185,5.537,4.881,6.133,6.42,4.1,6.06
"LOC105378660",6.177,3.898,3.829,6.7,6.295,6.876,6.373,4.739
"LOC124905491",5.948,5.302,7.005,4.252,8.361,6.764,5.293,4.762
"SMC2-DT",4.577,7.075,5.084,7.501,5.098,4.009,5.887,6.502
"LOC127892217",5.468,5.072,3.659,6.267,5.357,6.629,3.79,5.707
"FHP1",4.988,5.128,5.565,4.633,4.419,8.302,3.689,6.256
"LOC129660837",6.254,4.774,5.458,6.084,4.949,4.481,6.065,4.065
"LOC112543454",4.876,6.346,2.726,5.702,5.008,6.856,4.202,6.006
"LOC128966694",7.174,7.59,5.807,3.526,6.51,5.749,5.655,6.002
"RNU7-86P",6.982,5.7,5.85,6.402,5.601,8.172,5.347,5.31
"LOC132088733",6.195,7.004,6.07,5.581,5.249,5.08,4.231,8.245
"LOC127407172",6.504,6.324,4.804,4.079,5.518,5.078,4.836,7.645
"LOC129996759",4.722,7.922,5.484,3.768,3.782,5.448,4.76,5.364
"MOSMO",5.764,5.354,7.636,4.385,5.726,4.265,6.002,6.472
"LOC127888500",6.159,6.86,8.432,6.412,5.645,6.29,3.595,6.311
"LOC105375470",4.976,6.661,6.402,3.536,4.991,5.117,5.863,5.923
"LOC127825357",3.709,8.465,3.902,4.778,5.359,3.022,5.091,7.257
"LOC127400954",7.627,4.778,7.409,6.368,4.931,7.066,5.002,7.165
"ALPI",4.848,3.718,4.721,5.186,5.631,6.221,6.93,5.073
"LOC105378848",5.174,5.15,5.722,7.094,5.059,3.713,4.038,4.009
"LOC129660698",4.744,4.935,4.829,5.739,4.77,5.747,5.031,4.505
"LOC127268235",3.802,5.058,5.192,4.176,4.156,4.737,5.673,2.727
"LOC127820434",4.867,6.2,4.364,6.637,4.074,5.936,5.587,4.76
"LOC127817928",5.067,4.922,5.584,5.922,5.551,3.813,7.338,4.049
"LOC130005204",5.442,6.227,6.589,4.404,5.737,5.137,4.476,5.694
"LOC129934281",5.019,5.495,5.682,6.361,6.128,6.194,5.827,5.733
"LOC130055353",7.681,6.843,5.484,6.038,7.497,4.89,3.59,5.249
"LOC127820320",6.917,5.46,6.693,6.156,5.848,4.262,6.91,5.387
"LOC127400523",4.935,5.713,9.025,5.532,7.516,3.503,7.544,4.391
"ZDBF2",6.452,7.937,3.054,4.963,6.048,4.341,5.839,3.729
"LOC129661897",6.273,3.451,4.437,5.529,2.66,3.135,4.766,5.7
"LOC127897358",4.092,3.179,4.476,5.192,6.81,5.02,4.203,6.375
"LOC126861947",4.787,6.021,5.763,7.963,5.759,5.461,7.286,6.013
"ST13P1",6.221,4.907,6.227,5.467,3.721,6.625,6.203,6.121
"LOC127826285",4.394,4.887,5.126,4.847,6.935,4.671,5.566,5.61
"LOC127824600",3.575,5.23,4.75,4.16,4.95,4.156,7.469,7.536
"BICDL3P",7.179,5.308,7.189,5.291,6.354,7.438,6.874,4.875
"USP17L4",8.099,6.021,4.74,5.334,4.227,7.266,3.827,3.409
"LOC127815338",5.9,4.852,5.273,5.019,5.658,3.612,5.471,7.012
"LOC129998176",6.054,4.619,5.998,6.717,7.389,6.932,4.771,4.003
"LOC127401788",4.267,6.006,5.432,4.091,3.464,4.501,3.9,5.229
"LOC129938122",5.685,7.009,6.025,5.422,5.786,5.178,4.945,6.727
"LOC129388521",5.204,4.463,6.327,4.784,4.592,4.634,6.612,2.619
"LINC03065",2.623,6.751,4.021,5.583,5.793,4.734,6.399,5.554
"LOC132089710",5.945,5.412,8.152,2.989,6.025,3.572,4.578,6.12
"LOC127827723",5.178,5.504,6.252,4.004,6.016,5.341,5.339,4.685
"LOC129994903",4.489,6.621,5.358,3.083,3.968,5.292,5.713,5.036
"LOC127829532",5.896,5.126,5.09,3.12,6.416,8.88,5.537,5.225
"LOC130004756",6.684,4.806,4.567,6.318,3.282,4.309,8.689,4.78
"MYL6B-AS1",7.071,5.485,5.145,4.569,7.135,2.474,5.097,5.342
"LOC124906500",5.823,5.803,5.399,5.455,7.854,5.612,6.947,7.606
"LOC127271086",4.288,3.785,4.443,5.168,5.946,4.828,4.551,7.192
"LOC127816139",5.438,2.465,6.384,2.942,5.474,5.722,5.969,6.814
"LOC126860923",5.576,5.014,5.521,4.592,6.167,5.54,7.273,5.6
"LOC127400067",3.944,4.121,5.314,4.217,8.131,3.53,8.921,6.426
"LOC127398449",6.404,4.986,5.035,3.889,4.299,6.119,6.461,7.793
"LOC127824683",5.654,6.014,6.636,6.924,6.222,5.437,7.8,7.067
"LOC129997382",5.959,4.643,6.007,3.382,6.874,4.535,4.762,5.757
"NDUFA8",4.851,4.725,3.175,4.69,4.169,4.338,5.429,7.168
"PGM5P4",4.996,5.772,5.938,6.909,8.279,6.005,4.141,5.962
"LOC127895700",5.788,3.65,5.004,5.624,3.979,7.001,6.074,6.558
"LOC111562376",4.16,5.218,5.317,6.624,6.884,4.705,4.953,6.13
"LOC105371623",6.991,6.205,4.862,4.218,4.885,5.022,6.031,6.362
"RBMS3-AS1",5.116,2.628,2.719,4.491,6.827,1.753,6.545,5.075
"LOC130067777",6.101,4.431,4.313,4.086,3.77,2.852,6.77,6.209
"LOC126806747",5.499,6.07,6.627,5.52,6.504,3.947,5.586,4.08
"LOC116158523",7.964,5.586,5.335,4.354,3.659,6.189,5.92,4.06
"LOC124904974",5.858,6.276,4.814,5.475,5.02,7.352,3.71,3.66
"LOC130003536",5.382,7.335,4.43,5.359,3.778,5.141,6.124,4.234
"TRBV30",7.323,4.304,3.288,5.775,6.465,5.068,3.899,6.114
"LOC130058835",6.226,3.876,5.903,5.815,5.081,4.747,6.649,6.347
"LOC127409316",4.067,4.906,4.795,5.337,5.655,5.79,6.653,5.232
"MIR4453HG",5.135,6.788,4.961,4.761,5.786,4.017,6.255,5.642
"LOC129934771",4.713,6.607,6.096,7.001,6.991,3.371,5.833,6.266
"LOC105377502",5.683,5.585,6.334,5.488,3.435,5,7.25,3.331
"LOC107985131",5.015,6.28,6.303,7.809,7.777,5.247,7.26,6.086
"DAZ2",6.082,6.08,4.755,4.895,5.065,5.88,4.722,6.904
"LOC105375343",5.416,5.093,9.575,4.717,4.891,6.378,5.104,5.545
"LOC124903472",2.508,5.083,4.48,5.98,6.129,4.181,5.488,4.383
"RNU1-67P",5.371,5.928,4.816,5.96,6.097,4.534,5.232,4.716
"LOC127397836",6.21,6.561,6,4.888,5.626,4.632,4.163,7.369
"LOC127887575",4.038,4.353,5.689,6.824,4.588,5.222,5.805,5.576
"LOC127889974",4.608,6.297,4.402,5.788,5.017,6.245,5.946,5.104
"LOC130057066",6.11,6.399,6.55,3.902,8.38,6.213,4.35,7.136
"LOC130059888",4.908,4.653,5.722,4.563,4.275,5.715,5.776,5.432
"LOC130060079",6.191,4.935,6.427,5.435,4.946,5.297,5.596,5.007
"LOC127892594",5.176,6.285,6.04,5.727,7.98,4.488,5.435,4.529
"LOC130009330",6.221,5.222,7.071,7.105,5.789,4.339,6.777,6.04
"LOC132090407",5.328,6.032,6.742,4.967,4.72,6.824,3.868,5.023
"LOC127817185",5.832,6.209,4.75,5.352,4.528,4.154,5.2,6.34
"LOC127459061",5.142,4.862,6.253,6.633,7.097,2.91,5.38,4.408
"LOC124900299",3.779,6.377,4.658,4.422,4.297,4.91,3.259,5.978
"LOC129995971",3.358,5.852,4.964,5.156,6.24,5.796,5.999,4.622
"IGHV2-70",7.566,4.092,6.509,5.219,6.515,5.306,3.274,6.345
"LOC123256952",5.943,6.429,6.302,5.613,7.844,8.205,5.093,6.287
"LOC130055999",2.995,7.091,4.408,5.431,5.644,6.604,5.784,6.351
"LOC126860384",5.41,6.441,6.064,6.719,3.695,6.326,4.228,8.035
"LOC127401822",4.785,4.419,4.862,4.806,4.854,3.125,5.926,6.618
"LOC127457602",6.952,4.609,6.095,5.529,2.338,5.88,7.825,6.242
"LOC124907198",3.658,7.243,6.619,5.845,6.947,4.849,7.928,6.428
"LOC129999179",6.388,5.194,5.844,7.464,7.074,5.104,5.534,3.578
"LOC130004028",5.024,5.094,6.636,5.636,6.175,4.919,4.005,5.931
"LOC130056540",7.218,4.687,5.88,6.214,3.718,6.955,6.268,5.253
"LOC129935412",4.806,4.666,4.881,7.37,7.464,5.73,4.484,7.335
"LOC130057216",5.674,5.914,3.643,8.392,3.09,5.27,6.717,4.349
"LOC126806105",4.197,2.546,5.595,5.086,6.302,7.519,7.514,7.768
"RNU6-24P",8.196,4.929,4.594,5.234,7.741,4.353,5.084,4.689
"LOC127269472",4.931,6.02,7.879,6.274,5.643,5.088,3.964,6.39
"LOC127893878",7.662,5.376,5.663,5.519,6.678,7.607,4.755,4.776
"LOC127814880",4.141,5.202,5.429,4.318,6.593,4.088,7.204,5.571
"LOC127816152",3.207,3.568,6.316,5.491,3.731,2.936,6.221,6.118
"CCNQP3",4.041,5.628,4.595,4.855,5.181,4.873,6.383,7.445
"LOC127458912",3.21,5.735,7.689,6.511,4.797,6.232,5.933,3.366
"LOC130007592",6.162,4.187,5.052,5.405,5.026,5.59,5.647,4.428
"LOC127403897",3.806,7.92,5.37,3.811,6.704,3.985,4.602,3.878
"LOC132088617",2.927,6.351,6.777,6.626,4.727,5.274,4.391,4.654
"LOC127273003",4.615,7.81,7.058,6.684,6.492,6.495,4.532,5.1
"CYLD",6.787,4.128,6.023,5.956,6.241,3.609,5.945,5.684
"LOC130065006",4.67,3.932,3.259,5.976,5.821,6.355,5.91,4.427
"LOC124908213",3.645,5.053,3.158,6.408,3.373,4.915,5.706,4.205
"OR7E129P",4.47,4.424,4.139,6.227,7.348,5.249,6.902,5.83
"LOC130008856",6.43,7.041,5.805,5.079,6.066,4.558,6.442,5.541
"LOC127403644",3.89,6.6,4.572,6.287,7.905,5.098,5.027,6.251
"LOC125177467",5.718,3.789,5.027,5.094,5.181,7.371,5.975,4.689
"TRPA1",6.76,4.284,6.145,3.461,5.894,6.536,5.08,4.48
"LOC127457091",4.787,5.149,7.251,4.762,4.738,4.537,4.892,5.442
"LOC127817781",3.091,4.482,3.775,5.764,4.45,6.041,5.806,6.242
"LOC127267579",5.967,5.186,3.545,4.781,4.674,5.032,6.363,7.592
"LOC127819577",2.884,5.683,6.49,7.519,6.477,5.536,7.213,5.647
"LOC132089904",6.473,4.47,8.783,5.678,5.132,6.959,4.926,9.519
"LOC127458327",6.55,6.86,4.786,5.097,6.853,6.287,4.875,5.136
"SMAR",5.625,3.521,5.02,4.565,7.04,4.472,5.114,7.115
"LOC126861113",5.791,4.501,6.115,3.754,6.209,6.533,7.775,6.994
"LOC124909173",2.823,5.898,3.974,6.783,3.563,5.422,6.841,6.553
"NAIPP2",4.997,3.287,4.269,4.723,4.325,5.872,4.717,5.56
"LOC105379850",3.633,7.636,5.662,5.671,4.793,5.334,7.644,5.237
"LOC127457922",3.786,5.462,3.451,5.254,5.385,4.94,2.756,5.858
"LOC126861889",6.126,4.303,7.267,4.946,6.139,6.421,4.15,5.1
"LOC123477809",5.737,6.877,4.236,6.154,4.612,6.045,5.643,5.173
"LOC127458856",5.465,3.395,6.001,5.016,3.901,6.146,4.668,2.543
"OTSC2",4.831,5.693,4.166,6.349,5.632,4.249,3.4,4.334
"LOC129933791",5.441,4.989,4.323,6.304,2.785,5.283,6,5.712
"LOC127886100",6.056,5.068,5.504,5.423,6.648,6.893,4.181,5.312
"LOC127886151",5.076,7.234,2.7,6.016,6.055,7.701,6.012,3.552
"LOC102723655",3.774,6.246,4.472,6.113,5.119,5.601,5.536,4.287
"LOC127830358",6.371,3.004,7.021,4.408,5.359,4.763,5.124,4.649
"LOC400026",5.773,2.304,5.823,5.858,5.94,5.716,4.792,5.299
"LOC124903443",4.678,4.647,5.634,4.88,5.827,5.468,5.309,3.034
"LOC124906897",5.703,3.824,3.398,5.425,4.829,5.596,7.934,5.258
"LINC02595",6.755,7.08,7.373,7.776,6.841,5.858,5.029,7.871
"ARPC4-TTLL3",5.066,5.499,4.114,5.47,6.463,3.932,4.752,7.345
"LOC130068224",4.875,6.033,6.068,4.723,4.129,4.852,8.156,3.027
"LOC127827788",5.415,5.323,4.406,7.009,6.007,5.514,4.112,5.813
"LOC130007729",4.937,3.662,5.457,6.553,7.146,3.715,4.537,7.101
"TMEM120B",7.679,5.19,4.734,8.042,7.952,6.373,4.369,5.698
"SLC25A28-DT",6.836,8.083,3.778,5.349,4.941,6.471,6.993,6.76
"LOC107986632",6.551,5.926,7.382,8.121,5.433,3.808,6.379,4.705
"PPIAP19",3.785,7.21,7.842,4.428,5.125,7.029,5.756,3.983
"KCNJ1",6.397,6.333,4.203,3.783,7.841,5.603,6.957,5.757
"LOC127823051",5.048,5.738,5.927,6.821,6.408,2.937,4.154,6
"LOC127276229",6.404,6.807,6.07,5.109,6.706,5.916,7.517,6.293
"MIR3935",7.034,2.47,4.191,6.1,5.166,6.063,4.431,4.464
"LOC126861330",6.89,4.375,6.577,5.856,5.634,4.765,3.899,5.163
"LOC130002497",6.122,5.838,3.661,6.284,7.558,4.159,5.846,5.464
"LOC127897220",3.749,5.576,7.052,4.947,5.201,4.565,6.371,3.724
"MMS22L",4.172,5.36,4.674,4.537,4.676,5.422,3.952,3.962
"LOC129997427",4.103,3.634,7.772,3.939,6.404,5.813,5.088,6.739
"LOC129937195",6.494,6.435,3.459,5.94,4.897,6.727,5.127,5.406
"LOC129931998",5.45,4.687,5.319,5.739,5.359,4.837,4.554,5.523
"LOC127404099",5.408,4.427,4.955,4.803,3.979,6.677,6.882,5.022
"PRDM5",4.887,6.797,7.424,7.231,6.664,4.08,6.163,4.64
"LOC100420305",7.276,5.868,4.882,5.546,7.197,6.897,5.19,5.033
"LOC127822290",5.371,3.934,4.151,5.409,5.771,5.275,5.616,5.875
"DRD2",6.502,4.353,4.691,4.571,5.485,5.889,5.506,6.408
"LOC128316533",7.256,4.488,5.176,4.899,5.905,4.265,6.879,6.19
"LOC129664379",7.181,5.064,4.736,6.267,4.555,7.195,5.561,4.69
"LOC123477712",7.119,3.58,3.476,7.335,4.245,4.017,5.531,4.663
"CDCA3P1",6.611,6.35,5.489,4.908,5.84,7.728,5.705,5.472
"IL17REL",5.512,9.277,6.76,5.508,5.023,6.111,6.097,5.3
"LOC130057905",4.41,5.593,3.893,5.331,4.719,6.557,4.871,4.861
"LOC130002798",5.979,5.873,4.078,5.157,5.457,4.545,6.941,5.865
"LOC130009988",5.81,5.402,4.538,6.91,3.908,5.908,6.617,5.13
"ARHGEF15",5.64,6.007,2.848,5.486,4.227,6.213,5.216,6.729
"LOC111589207",7.255,7.031,6.234,6.291,6.347,4.599,5.98,5.638
"LOC130057275",6.51,5.031,5.332,4.511,5.424,6.095,4.513,3.534
"LOC110485085",4.766,6.01,5.794,6.186,5.166,6.148,6.466,6.416
"LOC115804242",4.544,4.634,4.783,4.699,6.25,4.158,5.794,5.759
"LOC130062289",5.783,5.888,5.159,5.689,6.158,6.91,6.695,5.285
"LOC127272864",3.955,3.406,5.127,6.806,5.614,2.47,7.3,5.314
"LOC127457460",5.391,4.32,5.167,4.806,4.892,4.997,4.303,5.412
"LOC132089025",4.373,4.819,4.981,6.428,5.543,6.44,4.891,6.644
"LOC125387263",5.925,6.808,6.299,5.465,6.119,7.252,6.309,5.201
"PFAS",5.935,7.092,6.783,6.014,6.503,5.607,5.632,5.421
"LOC127405004",6.666,6.382,4.325,7.174,5.38,4.362,6.13,5.897
"LOC126862804",5.19,4.824,3.342,5.115,3.293,5.775,5.428,4.463
"LOC130007400",5.471,5.267,6.362,3.848,4.552,3.309,6.944,5.319
"LOC126860407",6.382,4.976,4.081,7.463,4.442,5.476,4.944,6.29
"LOC127399273",4.195,6.374,5.003,6.97,6.006,6.529,8.196,6.192
"LOC127828296",3.63,4.323,6.037,4.627,6.694,5.575,4.83,5.883
"LOC112136090",3.866,4.454,4.953,5.133,6.658,5.801,5.67,5.462
"LEMD2",7.06,4.634,6.054,5.774,6.184,4.972,5.588,8.195
"RNF13P1",3.748,4.548,4.188,5.605,5.916,4.696,5.72,9.153
"MTND5P24",5.071,5.271,3.743,5.776,3.925,4.725,2.81,4.241
"SMAD7",6.609,6.607,5.794,5.467,4.033,4.958,6.829,5.508
"LOC129390518",7.267,6.448,5.876,6.049,6.38,4.702,2.849,5.311
"LOC127267004",6.649,4.479,3.718,6.411,6.148,4.875,4.103,6.357
"CASC15",4.925,5.412,6.37,5.727,4.345,6.246,3.666,5.894
"MIR559",4.422,5.656,3.188,4.462,4.716,7.426,5.437,5.748
"RNU5D-1",7.269,4.281,2.819,7.578,4.711,7.668,3.51,4.093
"PTPN11P3",5.502,5.2,4.979,5.199,4.977,5.433,5.167,4.565
"PTP4A1P2",4.957,4.052,7.234,4.567,7.322,4.527,4.375,6.996
"LOC127888384",6.94,6.332,6.216,5.331,6.032,5.669,4.066,7.137
"PRAMEF32P",3.461,4.965,6.173,5.337,4.041,6.681,7.663,5.115
"GLYATL1",3.815,5.914,2.648,4.827,4.403,7.672,7.001,5.675
"LOC127895320",6.244,7.313,6.622,5.198,5.333,5.479,4.7,6.278
"EXOSC10-AS1",6,5.167,5.092,5.045,6.845,4.23,6.319,5.588
"SDF2L1",3.971,5.515,4.901,5.048,5.588,6.918,5.42,6.333
"LOC127884585",5.328,8.91,4.851,4.157,4.561,6.942,6.935,5.871
"RPL34P16",5.373,6.847,5.621,4.385,5.398,4.269,5.582,5.009
"LOC130058657",5.311,6.419,5.351,2.913,3.91,3.681,5.135,4.777
"LINC01999",5.778,7.247,6.019,6.184,4.873,5.317,5.477,3.87
"AIR",4.788,5.906,5.407,5.584,5.92,4.072,5.708,4.072
"LOC127884866",6.158,5.155,4.505,4.526,3.466,5.678,5.378,4.523
"LOC130068570",5.087,7.137,4.002,6.581,2.264,5.081,6.388,6.657
"SLC25A46",6.061,4.737,3.914,4.197,7.041,5.271,3.546,7.287
"DLGAP3",6.086,5.356,5.34,6.8,5.784,4.41,5.458,7.837
"SP6",6.357,5.119,6.052,6.853,4.889,6.087,4.257,3.054
"COA8",4.234,4.556,4.082,5.875,3.756,3.157,4.686,7.257
"LOC130058416",5.603,5.291,4.232,6.26,4.737,4.566,5.019,5.584
"LOC130067606",5.044,7.323,8.472,5.091,7.623,5.41,3.853,6.629
"LOC124904320",5.407,4.987,6.543,4.097,6.698,4.929,4.121,5.67
"LOC126860891",5.405,5.924,4.758,4.187,5.391,5.787,6.476,6.633
"LOC130055407",4.237,6.475,3.903,5.581,4.907,4.887,5.665,6.287
"LOC129660208",4.463,4.121,7.193,4.528,4.683,2.863,4.815,4.257
"LOC129935821",4.477,4.698,5.17,6.858,5.208,6.445,6.772,5.408
"LOC127457376",7.255,6.62,5.223,5.226,5.681,8.233,4.705,4.04
"LOC130008102",4.805,5.756,7.436,5.57,5.289,7.253,3.817,6.821
"TAB3-AS2",4.997,3.297,5.095,4.879,4.707,5.028,5.07,5.815
"LOC127400237",2.955,6.354,5.337,6.975,4.262,8.754,6.157,4.789
"LOC129937366",4.934,5.046,6.12,7.477,5.449,4.764,4.83,3.238
"LOC127404703",5.432,8.232,5.194,6.509,4.219,5.396,3.933,4.353
"LOC127404557",4.16,6.537,5.433,5.951,6.207,3.452,6.621,4.599
"LOC105372813",6.24,4.074,4.316,4.231,4.951,6.141,6.792,4.845
"LOC129933065",5.45,2.762,4.55,4.706,5.381,4.286,4.995,4.687
