"Gene","S01_con","S02_con","S03_con","S04_con","S05_con","S06_con","S07_con","S08_con","S09_con","S10_con","S11_con","S12_con","S13_con","S14_con","S15_con","S01_tre","S02_tre","S03_tre","S04_tre","S05_tre","S06_tre","S07_tre","S08_tre","S09_tre","S10_tre","S11_tre","S12_tre","S13_tre","S14_tre","S15_tre"
"M1G01",7.823,5.68,7.239,5.755,6.201,4.626,6.196,5.371,6.182,7.83,5.072,5.348,6.207,6.14,7.279,8.995,9.368,7.436,6.909,8.131,6.762,6.764,9.198,9.288,8.289,8.391,7.391,6.566,7.172,8.208
"M1G02",7.431,6.655,6.788,5.642,5.612,2.964,5.948,6.488,6.094,8.475,2.609,4.75,4.645,3.89,6.322,8.129,10.603,8.014,7.45,10.055,8.412,7.496,9.494,9.015,8.446,7.939,8.555,7.632,8.648,9.041
"M1G03",7.518,6.8,7.477,5.293,6.047,4.342,5.763,6.764,6.392,6.808,3.131,5.013,5.143,5.877,7.081,8.576,10.403,7.403,7.051,8.024,8.754,8.671,9.065,8.69,8.232,8.33,8.399,6.931,8.388,8.658
"M1G04",7.491,7.174,6.99,4.72,5.592,3.545,5.759,5.318,4.92,7.598,2.991,5.003,4.256,5.152,5.691,8.175,10.664,7.378,7.479,9.221,7.925,7.272,9.937,8.316,8.614,8.342,7.205,7.256,8.313,8.318
"M1G05",7.609,7.174,7.167,5.702,6.54,4.532,6.152,5.601,6.233,6.365,4.106,5.052,6.163,5.561,6.554,8.077,9.536,7.037,6.158,8.922,8.497,7.15,9.12,8.06,8.217,7.892,7.36,7.443,8.195,8.88
"M1G06",7.663,6.904,7.817,5.095,6.292,4.728,6.744,6.563,6.296,7.731,3.772,6.187,5.446,5.812,5.736,8.44,9.732,8.344,7.268,8.829,7.285,6.683,8.296,8.473,8.512,8.501,8.269,7.72,7.72,7.771
"M1G07",6.634,7.255,7.497,5.6,6.383,4.947,6.035,5.704,6.722,7.084,4.147,5.674,5.494,4.925,6.595,8.489,9.049,7.556,7.229,9.109,8.379,6.567,8.658,8.535,8.76,8.693,8.1,7.435,7.749,8.105
"M1G08",7.207,7.456,6.665,4.779,5.396,4.198,5.632,5.828,6.205,7.422,3.81,6.401,6.441,5.229,7.313,8.899,10.612,6.752,7.518,8.281,8.246,7.142,7.821,8.919,7.851,8.508,7.732,7.955,9.058,8.224
"M1G09",7.795,7.098,7.497,6.219,6.386,4.407,5.57,5.245,6.129,7.415,3.755,5.133,5.493,5.414,6.043,8.22,9.856,7.862,8.514,9.771,7.815,6.704,7.987,8.741,8.268,8.439,8.78,7.359,7.548,7.9
"M1G10",8.147,6.671,7.446,5.42,5.681,4.586,5.472,5.203,6.245,7.696,2.809,5.242,5.381,5.545,5.686,9.364,10.158,7.464,7.669,10.459,7.735,7.824,8.714,9.041,8.219,8.426,8.437,7.597,8.258,8.688
"M1G11",7.619,6.659,8.669,5.202,5.119,3.172,6.041,4.721,5.491,6.763,4.18,5.216,4.815,4.926,6.919,8.613,10.644,7.188,7.251,8.092,6.95,7.233,9.474,8.052,8.792,8.803,9.101,7.776,8.686,8.298
"M1G12",6.798,7.473,6.973,5.465,5.23,3.83,5.776,4.861,6.017,8.013,3.283,5.309,5.626,4.36,5.938,9.586,10.274,7.556,7.22,9.304,7.006,6.449,9.281,9.061,9.423,8.76,7.685,7.359,7.705,8.957
"M1G13",7.671,5.598,7.287,4.459,5.338,4.191,5.59,5.531,5.654,7.439,3.07,5.386,4.57,3.437,6.086,8.331,10.664,6.794,8.092,9.516,8.673,6.943,10.025,9.822,8.142,9.2,8.197,8.9,8.612,8.598
"M1G14",7.381,7.192,7.243,5.058,5.531,3.898,5.632,5.138,6.486,7.338,1.702,5.164,6.151,4.848,5.586,8.785,10.252,7.616,6.925,9.455,9.125,7.045,9.774,9.152,8.137,8.826,7.771,8.666,7.867,8.136
"M1G15",7.328,6.792,7.041,5.078,5.693,3.13,5.804,5.878,6.82,7.379,4.035,5.536,5.401,5.824,6.099,8.843,9.597,8.237,6.693,9.026,8.312,7.22,8.764,8.945,7.545,8.985,9.075,8.09,8.207,9.188
"M1G16",7.961,6.175,7.08,6.428,5.412,2.44,5.929,4.767,5.558,7.513,3.68,5.55,4.319,3.998,5.244,9.126,9.591,8.172,7.038,10.518,9.048,7.268,9.201,8.24,7.881,8.414,8.193,7.113,7.792,7.694
"M1G17",8.456,7.065,7.652,5.912,6.481,3.302,6.175,4.618,5.632,7.55,3.751,4.966,5.306,4.831,5.317,8.523,9.334,7.588,7.416,10.202,7.976,7.398,9.583,8.476,8.616,7.785,8.899,7.084,8.774,8.612
"M1G18",7.048,6.98,6.723,5.23,5.235,3.526,6.724,5.621,6.482,6.945,5.107,6.073,5.672,5.557,5.886,7.775,9.485,7.194,7.222,8.229,8.153,7.284,7.949,9.262,8.76,7.546,8.672,8.495,8.01,8.477
"M1G19",7.93,6.518,6.92,6.274,4.884,4.123,5.922,5.36,5.878,8.239,4.093,4.127,6.202,5.318,5.664,8.821,8.927,6.937,6.627,8.533,8.246,7.029,9.267,8.107,7.429,8.708,7.806,7.277,8.204,9.146
"M1G20",7.702,7.72,7.622,4.466,6.217,3.49,6.53,5.235,5.884,6.865,3.635,4.427,4.886,4.486,6.165,8.755,10.029,7.677,7.437,9.568,7.27,7.398,9.846,8.479,8.42,8.057,8.452,7.942,8.338,9.213
"M1G21",7.134,7.088,7.079,4.907,5.92,3.737,6.154,5.837,4.884,6.484,4.122,5.38,6.378,4.49,5.336,8.85,9.577,6.947,7.834,8.08,8.211,7.668,9.587,9.524,9.022,8.391,8.329,7.527,8.622,9.164
"M1G22",7.747,6.228,7.532,4.562,6.358,2.688,6.133,5.701,5.278,7.37,4.091,6.16,5.531,4.823,6.571,8.54,10.046,7.919,7.521,9.459,7.862,7.238,8.623,9.048,7.792,8.187,8.316,8.274,8.574,8.968
"M1G23",7.905,6.921,6.825,4.661,6.096,4.285,6.022,6.694,6.58,7.674,2.991,5.547,5.191,5.358,5.075,8.836,10.125,7.956,7.795,8.628,8.008,7.221,9.777,9.489,8.518,9.16,8.724,7.925,7.955,8.78
"M1G24",7.678,6.721,7.132,5.439,6.091,3.304,6.638,4.995,5.69,7.385,4.557,4.89,4.762,5.507,5.567,8.352,10.66,7.831,7.875,9.623,8.297,6.09,9.626,9.046,7.524,8.555,8.036,8.188,8.135,8.817
"M1G25",7.92,6.882,6.499,5.58,5.901,3.26,6.96,5.798,6.678,7.036,4.184,5.262,5.398,5.094,6.708,9.392,9.676,7.609,6.708,9.218,7.391,7.515,9.095,8.692,8.194,8.54,7.78,8.308,7.973,8.467
"M1G26",7.174,6.407,7.541,5.485,6.322,5.317,6.487,5.881,6.983,7.116,3.988,5.851,5.537,5.3,6.209,7.796,10.618,8.194,7.311,9.293,8.301,7.364,9.06,8.359,7.141,8.935,8.599,7.672,8.353,8.127
"M1G27",7.113,6.417,7.368,5.556,6.73,3.79,6.252,6.04,6.601,6.724,3.445,5.089,5.858,5.064,5.614,8.316,9.477,7.365,6.689,8.566,8.264,6.926,8.26,8.651,8.198,8.566,7.908,7.684,8.639,8.813
"M1G28",6.933,6.857,5.4,6.084,6.377,3.688,5.932,6.701,5.804,7.247,3.185,5.37,6.015,5.318,4.98,8.26,10.373,7.696,6.886,8.795,8.775,7.572,8.873,8.793,7.849,8.74,8.308,8.568,8.788,10.001
"M1G29",7.279,6.333,6.817,4.678,6.352,4.349,5.896,4.79,5.701,7.353,4.006,4.93,5.338,5.213,6.466,9.376,9.643,6.935,7.65,8.384,9.348,7.103,9.205,8.562,8.661,8.901,8.149,8.307,8.772,8.23
"M1G30",6.706,7.318,7.246,5.319,5.279,4.111,5.593,5.763,6.782,7.384,3.929,4.922,5.716,4.915,5.89,8.699,9.832,7.501,7.366,9.015,7.649,7.109,10.192,8.868,7.09,8.891,8.899,7.953,8.989,8.481
"M1G31",7.518,6.364,7.192,5.425,5.327,2.937,5.743,5.082,6.029,7.301,3.809,5.133,5.014,5.626,5.963,9.121,11.229,7.008,7.481,9.857,7.744,7.123,8.373,9.516,8.224,9.664,8.069,7.331,9.35,8.198
"M1G32",7.545,7.029,7.512,5.186,6.651,3.779,6.757,4.984,6.474,7.506,4.338,5.016,5.217,5.374,6.316,8.638,11.356,8.231,7.474,8.386,8.51,7.201,8.566,8.619,7.812,8.975,7.647,6.988,8.501,8.159
"M1G33",6.569,7.001,7.314,5.551,5.701,2.792,6.309,5.756,6.506,8.043,3.431,5.259,4.953,4.712,6.305,8.859,10.619,7.186,7.261,8.669,7.843,6.721,9.645,9.526,7.807,7.803,7.91,7.224,7.624,8.811
"M1G34",7.574,6.106,7.821,5.213,5.53,4.752,6.088,6.593,6.578,7.294,3.791,5.709,7.125,5.503,5.966,8.696,9.444,6.89,7.525,8.475,7.371,6.913,9.179,7.883,7.996,9.027,6.891,6.617,8.841,8.619
"M1G35",8.041,5.832,6.936,4.885,5.248,3.5,5.575,5.79,6.013,7.956,3.001,5.782,5.781,5.394,5.985,8.788,10.57,7.194,7.3,8.611,7.237,7.099,10.006,9.572,9.168,8.178,8.159,8.212,8.317,8.612
"M1G36",7.522,6.789,5.986,5.214,6.154,3.108,6.399,6.034,6.137,7.635,4.21,4.931,4.972,5.235,5.468,8.033,9.95,7.349,7.239,8.728,7.902,7.42,8.984,9.185,8.451,8.633,8.541,6.894,8.617,8.524
"M1G37",6.764,6.868,6.647,6.268,5.754,3.728,5.408,5.13,5.846,7.562,4.401,5.794,5.943,4.413,5.707,7.868,10.029,7.543,7.147,8.962,8.255,7.865,8.542,8.959,7.572,7.796,7.412,7.28,8.445,8.827
"M1G38",7.515,6.35,8.085,4.858,6.268,3.8,6.675,5.295,5.793,7.668,3.975,5.612,5.287,4.566,6.339,7.71,9.51,7.322,7.652,8.974,8.275,6.892,9.309,8.637,7.151,8.951,7.973,8.379,7.997,8.746
"M1G39",7.481,6.606,7.189,5.791,6.495,4.749,5.846,5.663,6.222,7.751,4.119,5.149,5.467,4.38,5.728,8.605,9.354,6.882,8.014,8.757,7.334,8.197,8.504,8.625,7.836,8.757,7.725,7.397,7.779,8.465
"M1G40",7.193,6.837,7.597,6.026,6.22,4.616,5.761,6.553,6.271,6.461,4.472,5.004,5.398,5.603,6.509,8.346,8.872,6.237,7.693,8.697,7.815,6.587,8.447,8.646,7.692,7.154,7.79,7.177,8.564,8.559
"M2G01",7.914,6.105,8.01,7.761,6.379,7.229,9.092,5.405,8.27,4.598,5.983,5.046,7.271,7.248,6.758,8.189,7.891,6.066,6.194,8.307,7.331,7.97,8.117,8.807,3.966,7.497,8.238,8.624,7.934,5.956
"M2G02",7.467,5.737,6.805,7.94,6.666,7.164,8.92,6.151,8.675,5.184,6.841,4.844,6.702,6.955,6.689,7.903,8.189,6.766,6.889,8.863,8.167,7.624,8.116,7.968,2.918,7.11,8.217,8.863,8.497,4.659
"M2G03",8.041,5.475,6.675,7.553,7.134,7.497,8.531,6.082,7.588,5.334,7.087,4.837,8.392,6.945,6.756,6.79,7.639,7.65,7.394,9.013,7.858,7.387,7.3,10.141,3.701,7.924,8.409,8.021,8.291,4.629
"M2G04",7.45,5.773,7.796,6.738,6.507,7.131,7.122,6.373,8.387,5.205,6.732,5.714,6.664,7.26,7.112,6.825,7.776,6.882,6.435,8.148,7.603,7.603,7.802,7.135,4.719,6.454,7.838,8.742,8.044,5.282
"M2G05",8.214,5.658,8.023,6.947,6.286,7.49,7.958,5.788,8.003,4.644,7.452,4.978,6.63,7.688,6.477,7.553,7.749,7.287,6.992,7.559,6.468,7.379,7.177,8.131,4.721,7.692,7.68,8.672,9.113,5.535
"M2G06",6.86,6.93,6.572,6.995,8.457,7.383,7.173,7.558,8.357,5.164,6.417,5.074,7.328,7.073,6.204,7.16,8.199,7.365,6.562,8.474,6.833,7.593,7.684,8.012,4.287,7.275,7.566,9.035,8.178,5.411
"M2G07",8.795,5.68,7.587,7.202,6.328,6.572,7.596,5.934,8.098,6.19,6.759,5.706,5.855,6.58,6.986,7.919,7.723,6.781,7.392,7.918,6.682,6.38,8.023,7.392,4.605,6.3,7.402,8.62,7.887,5.195
"M2G08",6.686,6.366,8.102,7.594,5.473,7.124,8.769,6.13,8.389,5.371,6.235,4.39,7.052,7.15,6.746,7.587,7.49,7.044,6.243,9.071,6.814,7.176,7.738,8.715,4.529,7.068,7.913,8.899,8.746,5.463
"M2G09",7.681,7.293,8.372,8.511,6.802,7.98,9.006,5.643,9.174,6.094,6.164,4.556,6.578,7.066,7.853,7.495,7.901,7.666,6.684,8.375,6.93,7.018,8.106,8.356,3.873,6.916,8.511,8.924,8.74,6.406
"M2G10",8.163,6.854,6.727,7.298,6.311,7.308,8.358,7.19,9.064,4.986,5.785,4.689,6.36,6.259,7.946,6.665,8.308,7.184,6.463,8.175,7.673,7.214,7.834,8.865,3.494,6.769,6.918,8.951,8.021,4.589
"M2G11",7.856,6.241,7.972,7.847,6.917,8.026,7.789,7.002,7.218,5.479,6.342,4.726,7.471,7.008,6.811,7.591,7.515,7.311,6.864,8.574,7.367,7.366,7.574,8.355,3.65,6.864,7.883,8.087,9.202,5.659
"M2G12",6.601,4.89,8.083,7.704,6.422,7.269,7.963,6.066,8.926,5.842,7.177,4.419,6.145,6.879,7.84,8.078,8.396,6.607,6.39,9.075,8.082,7.736,8.523,8.81,3.614,6.547,7.117,7.858,8.251,5.782
"M2G13",8.194,5.577,6.776,7.842,6.829,7.859,7.41,6.053,8.479,5.272,7.268,5.231,7.495,6.384,6.698,8.179,8.711,6.691,6.46,8.093,7.833,7.542,7.904,8.755,4.35,7.591,8.026,8.65,9.449,5.443
"M2G14",7.709,5.84,8.5,7.213,6.637,7.089,8.624,6.041,8.486,4.987,6.239,4.947,6.984,7.311,7.287,8.547,7.775,7.435,7.211,7.489,6.944,7.335,8.106,7.707,5.262,6.484,8.418,8.824,8.183,6.117
"M2G15",7.348,5.38,8.29,6.922,6.711,7.198,6.746,6.314,7.626,5.242,6.25,5.055,6.67,7.345,6.697,7.828,8.059,6.772,6.522,7.892,7.916,6.946,7.406,8.791,4.206,6.464,8.281,8.323,8.428,7.074
"M2G16",7.288,6.259,7.244,7.648,5.936,7.834,8.65,6.144,8.544,4.389,6.171,4.601,7.345,7.133,6.61,8.126,7.896,7.431,7.367,9.233,7.209,7.266,7.393,9.059,4.115,7.701,8.777,8.491,9.282,5.994
"M2G17",7.477,5.175,7.947,7.79,6.3,6.973,8.722,5.771,7.912,5.611,6.011,4.429,7.524,7.455,7.033,6.819,7.964,6.86,6.678,8.348,7.795,7.057,7.981,8.524,4.751,7.246,8.125,8.277,7.389,5.331
"M2G18",7.114,6.207,6.939,7.197,7.143,7.363,7.467,5.37,8.858,5.389,6.243,4.471,6.323,6.665,7.101,6.463,7.652,7.139,6.605,7.85,7.371,7.843,7.952,8.001,4.382,6.801,7.762,9.297,8.125,5.829
"M2G19",7.873,5.869,7.3,7.195,5.935,7.397,7.468,6.303,7.203,7.056,7.532,5.477,6.705,6.917,7.311,7.903,7.474,7.002,8.041,8.217,8.028,6.928,8.205,7.356,4.985,7.667,7.555,8.276,7.922,5.826
"M2G20",6.771,6.646,8.015,7.903,6.124,6.694,7.571,6.65,8.618,5.346,6.969,5.219,5.744,7.438,7.45,7.744,7.804,7.461,6.836,8.07,8.179,7.509,7.68,8.646,3.511,7.652,6.297,7.541,8.409,5.675
"M2G21",7.496,5.898,6.489,7.746,6.93,7.053,8.45,6.078,9.473,5.802,7.214,5.619,6.768,6.553,6.969,8.092,7.834,6.667,6.084,7.919,6.375,6.612,7.577,9.03,3.713,6.836,7.955,8.248,9.098,5.823
"M2G22",7.899,6.154,7.717,6.873,6.321,7.035,8.907,4.591,8.909,5.106,6.063,5.16,8.052,7.307,6.854,7.223,7.777,7.977,7.85,8.207,7.634,6.885,7.436,8.139,4.003,7.368,7.493,7.968,8.284,5.696
"M2G23",7.05,5.627,7.577,6.784,7.272,6.799,8.151,5.614,8.759,5.616,6.096,4.146,7.328,6.396,7.599,7.987,8.467,7.312,6.25,8.468,6.579,7.326,7.516,9.765,3.952,7.353,6.97,8.985,8.72,5.788
"M2G24",7.335,6.3,7.412,6.751,6.497,7.75,7.865,5.625,8.663,4.593,7.123,5.259,7.004,7.152,7.976,7.598,9.137,7.139,6.938,7.823,7.173,7.369,8.228,7.471,3.939,7.131,7.544,7.863,8.496,6.415
"M2G25",7.209,6.772,8.603,7.287,6.051,7.292,7.741,6.534,8.006,5.576,6.888,5.043,6.591,7.1,6.279,8.217,8.583,6.767,7.165,9.601,7.261,6.895,8.076,8.537,3.251,6.751,8.597,8.112,8.211,6.003
"M2G26",7.083,5.846,6.886,7.951,6.306,8.248,8.159,5.94,8.253,6.109,6.375,6.233,6.988,7.221,8.049,7.184,7.516,6.809,6.778,7.967,7.474,8.096,7.523,9.007,3.879,6.775,7.423,7.742,8.125,6.353
"M2G27",7.368,5.179,7.698,7.864,6.537,7.864,7.308,6.997,7.253,5.017,6.864,5.022,6.849,6.944,6.84,7.135,8.042,7.367,6.639,8.228,7.743,7.591,7.45,8.884,3.667,6.837,8.06,8.205,9.046,7.089
"M2G28",8.308,4.931,7.848,7.567,7.265,7.277,7.673,6.177,7.395,5.77,7.18,6.234,6.531,7.446,7.517,7.599,7.527,6.304,6.188,7.478,7.803,6.992,8.812,7.974,3.603,6.982,7.29,8.63,8.359,5.44
"M2G29",7.423,7.205,8.133,7.456,5.904,7.034,8.361,6.07,8.154,5.793,6.172,5.941,6.562,6.708,7.134,8.258,8.009,7.25,5.506,8.636,8.372,6.591,7.798,8.508,4.4,7.875,7.371,7.976,7.993,5.827
"M2G30",7.394,6.518,7.625,7.889,6.695,8.518,7.36,6.725,6.847,6.339,7.834,5.297,7.229,7.378,6.851,8.066,7.724,7.923,6.96,7.435,7.473,7.666,7.603,8.3,4.179,6.602,8.334,7.72,7.409,7.247
"M2G31",7.462,5.826,8.075,7.402,6.718,7.753,8.013,6.473,7.274,4.866,5.318,5.38,7.039,7.164,7.994,7.662,8.236,7.261,6.384,8.697,6.936,7.794,8.198,8.945,4.383,7.275,7.413,8.499,8.497,5.716
"M2G32",7.973,4.862,9.101,7.11,6.034,6.328,8.503,5.769,8.958,5.433,6.978,4.757,6.458,7.717,7.154,8.101,8.668,6.111,6.805,8.808,7.833,7.671,7.292,8.87,3.256,6.703,8.065,8.835,9.078,5.814
"M2G33",7.183,7.127,8.205,7.955,6.812,8.201,7.71,6.18,9.024,5.098,7.019,4.833,6.646,6.587,7.431,7.821,7.159,6.798,6.844,8.615,8.036,7.089,7.444,8.467,3.737,7.523,8.556,8.454,8.645,5.439
"M2G34",8.12,5.61,9.174,7.515,6.748,6.222,7.837,5.786,8.28,5.655,6.661,5.031,6.634,7.894,7.772,8.499,7.991,7.018,7.506,8.022,8.141,7.109,8.068,9.406,4.871,7.462,7.667,8.272,7.071,5.328
"M2G35",7.98,5.829,7.098,6.639,6.541,7.416,8.425,5.793,7.203,5.472,6.797,5.607,6.397,7.85,7.23,7.275,8.357,6.336,6.759,8.273,7.116,6.985,7.115,8.436,4.107,6.57,7.971,8.57,8.618,6.591
"M3G01",7.891,7.328,8.846,4.527,5.967,6.896,6.678,7.545,6.801,7.54,8.215,5.853,6.44,8.225,6.785,5.44,4.648,7.614,6.092,6.639,4.966,6.107,6.573,4.495,8.271,7.468,9.414,6.486,7.734,6.316
"M3G02",6.14,6.476,9.176,4.284,6.413,6.496,6.91,8.73,6.149,7.591,8.089,6.395,4.877,8.874,6.996,7.318,5.34,6.638,6.561,5.965,5.742,7.021,6.261,4.249,9.276,7.586,9.74,6.309,7.559,5.071
"M3G03",7.377,6.711,7.882,5.762,5.882,7.012,7.016,7.861,6.262,8.476,7.282,7.257,5.76,9.088,7.584,6.832,5.612,7.744,6.481,7.175,6.114,7.504,7.628,4.752,7.917,6.805,9.126,6.609,7.219,6.175
"M3G04",6.064,7.504,7.775,4.287,6.718,6.818,8.472,7.086,6.591,8.768,7.335,6.425,5.106,8.88,6.78,6.208,5.325,5.362,6.766,7.29,4.852,6.858,6.979,4.873,8.905,6.824,9.535,6.356,7.015,6.263
"M3G05",6.728,7.167,8.4,4.925,6.078,8.102,7.153,7.826,7.119,7.863,8.325,7.243,6.587,7.301,7.255,6.651,5.679,5.777,6.795,6.977,5.996,7.192,7.377,4.936,7.825,7.057,8.721,6.995,7.164,6.71
"M3G06",6.67,6.744,8.653,5.917,6.55,7.041,6.896,6.756,6.11,7.145,7.343,6.912,6.098,7.595,7.405,7.017,5.302,6.042,5.756,7.094,5.577,6.408,6.185,4.739,8.885,7.859,8.752,6.749,7.145,6.232
"M3G07",6.802,6.375,8.293,5.577,6.244,7.071,5.691,6.518,7.687,7.785,7.894,7.829,6.543,7.42,7.126,6.691,4.655,6.201,6.372,6.131,5.169,7.184,6.665,4.87,8.098,7.259,9.936,7.049,7.698,5.409
"M3G08",7.205,7.265,8.302,4.926,6.877,7.34,6.644,7.762,7.066,7.668,8.394,5.883,6.289,7.217,7.621,6.738,5.89,6.901,6.023,6.748,5.53,7.203,5.968,5.46,8.277,7.593,9.124,6.806,7.153,6.09
"M3G09",5.975,6.64,8.632,3.64,6.118,7.171,6.633,7.396,6.389,8.579,7.424,6.477,5.949,7.837,8.235,6.23,4.879,6.066,6.264,5.948,5.015,8.334,6.861,4.77,9.596,7.812,10.057,6.986,8.925,6.054
"M3G10",6.26,6.539,8.43,5.83,6.137,6.463,6.413,6.885,7.283,7.72,7.508,6.553,5.474,8.105,6.966,7.331,5,6.42,6.634,6.687,5.2,7.697,6.94,4.575,8.268,7.487,8.986,6.35,7.512,5.753
"M3G11",5.657,5.882,8.257,5.722,6.307,7.315,6.667,7.936,6.512,7.182,7.675,6.961,5.702,7.797,6.899,6.878,4.5,5.851,6.782,5.709,5,7.335,6.603,3.466,9.357,8.159,10.673,6.748,7.032,5.412
"M3G12",6.296,6.868,9.832,3.91,6.046,6.634,6.593,8.183,7.584,7.854,7.624,6.563,6.396,8.233,8.241,6.43,5.254,6.517,5.906,6.562,3.94,6.817,7.018,4.075,9.37,8.18,9.918,7.221,7.9,4.686
"M3G13",5.832,6.734,8.558,4.467,6.709,7.016,6.594,7.036,6.543,7.612,8.543,6.377,7.206,7.352,7.301,6.179,5,6.461,6.74,7.169,6.337,7.725,6.264,6.002,8.085,6.281,10.154,7.192,8.315,5.502
"M3G14",6.546,5.979,8.063,5.204,7.337,7.209,7.255,7.344,6.55,7.434,8.599,6.789,6.032,7.439,7.487,7.015,5.745,6.541,6.913,6.032,5.946,7.694,6.25,5.596,8.129,6.004,9.916,7.636,6.165,6.377
"M3G15",6.735,6.572,8.53,4.113,5.667,7.25,7.298,7.952,6.979,7.724,7.394,7.429,5.101,7.977,6.792,6.391,5.788,6.39,7.212,6.753,4.606,6.643,6.992,3.957,9.538,7.588,10.158,7.126,6.836,4.834
"M3G16",7.019,7.085,7.556,5.109,6.481,6.779,6.905,7.737,6.484,8.317,7.189,6.411,5.552,7.958,7.929,6.948,5.989,8.026,6.645,7.026,5.456,7.065,5.966,5.07,9.253,7.698,9.295,6.508,7.251,6.49
"M3G17",5.965,6.977,8.744,4.454,6.359,7.049,6.156,7.964,6.286,7.719,7.463,6.349,6.186,8.266,6.553,6.818,5.508,5.936,5.909,6.652,5.055,8.683,6.688,4.038,9.318,8.752,9.972,7.277,7.638,5.899
"M3G18",6.339,6.263,8.98,5.217,6.283,6.55,7.387,7.071,6.202,7.411,8.06,6.945,6.141,8.52,7.74,6.628,5.534,6.577,6.266,6.828,5.67,7.046,7.747,5.355,7.804,8.086,8.06,6.698,7.104,5.749
"M3G19",6.979,7.226,8.375,5.277,6.615,6.761,6.847,7.124,6.361,8.028,7.956,6.985,5.631,7.499,7.369,6.604,5.163,7.019,6.199,6.868,5.619,7.389,6.951,5.267,8.776,7.052,8.78,5.59,7.758,5.464
"M3G20",6.621,7.507,8.782,5.364,7.652,6.787,7.095,7.535,6.83,7.907,8.131,6.994,5.004,7.589,8.146,6.617,5.234,6.601,6.532,6.858,4.66,7.45,7.203,4.492,8.639,7.191,9.245,7.091,7.135,5.099
"M3G21",6.687,7.218,8.055,5.129,6.431,6.873,6.204,7.247,6.967,8.417,7.949,7.023,5.81,8.155,7.476,6.113,4.799,7.641,6.299,6.313,4.978,7.645,6.282,3.839,9.53,7.222,9.744,6.065,8.123,4.857
"M3G22",6.373,7.543,8.738,5.131,6.106,7.345,6.805,7.893,6.883,7.654,7.746,6.405,7.021,8.189,7.093,6.133,6.44,6.735,5.733,6.272,5.666,6.561,7.157,5.036,9.122,7.061,9.578,7.231,6.616,6.352
"M3G23",7.612,6.328,8.279,4.383,5.979,6.382,6.334,7.792,6.457,7.134,7.949,6.59,6.145,7.988,7.003,6.946,5.318,7.291,6.088,6.815,6.28,6.866,6.392,4.386,9.322,7.112,10.096,6.724,6.569,4.784
"M3G24",6.67,6.618,8.278,3.676,5.873,7.37,7.021,8.265,5.592,7.483,7.675,7.085,5.99,9.136,7.951,6.386,5.034,7.328,5.948,6.224,4.6,7.686,6.301,4.208,9.452,7.842,10.855,7.356,7.752,4.89
"M3G25",7.439,6.618,9.382,3.847,6.712,6.834,7.233,7.647,5.683,7.569,8.425,5.879,6.459,8.966,7.327,6.947,4.776,7.315,7.014,5.793,5.873,7.123,6.526,4.919,9.58,8.322,10.213,6.084,6.629,5.227
"M3G26",6.157,7.287,8.416,4.024,6.442,7.675,6.936,6.539,5.983,8.448,8.231,7.327,7.558,8.921,7.352,6.19,4.6,6.205,6.387,6.143,4.907,7.137,6.349,3.779,8.812,7.245,10.355,5.234,6.956,5.987
"M3G27",6.376,6.713,8.58,5.471,6.007,6.762,6.921,7.447,6.938,6.979,7.044,7.804,6.556,7.537,7.486,7.379,6.141,7.249,6.319,6.83,5.248,7.212,7.382,5.338,8.54,7.47,9.283,6.457,7.51,6.215
"M3G28",6.121,6.896,8.133,4.05,6.775,7.701,6.868,7.222,7.089,6.556,7.319,6.509,5.36,8.347,7.031,7.152,5.447,6.765,6.574,6.789,4.767,7.646,6.914,4.994,10.078,7.873,10.368,7.192,6.681,5.311
"M3G29",7.178,6.552,9.286,3.989,5.856,6.946,6.473,8.785,6.703,8.113,8.599,6.299,6.409,8.635,6.73,6.549,5.548,6.408,6.877,6.911,5.297,7.148,6.833,4.512,9.475,7.239,10.248,6.199,7.459,5.231
"M3G30",6.408,7.297,8.085,5.085,6.353,6.576,5.979,7.277,7.162,7.398,8.022,6.928,6.147,8.113,7.079,7.335,5.77,6.281,7.176,7.397,5.207,7.416,6.961,5.218,8.382,7.725,8.931,6.093,6.17,6.131
"M4G01",8.367,5.923,6.749,5.255,7.298,7.911,4.404,7.729,6.546,5.506,6.427,6.16,7.559,7.242,5.967,5.283,6.925,7.529,6.618,5.118,6.449,7.262,6.936,6.876,7.952,6.94,8.129,7.564,5.304,6.897
"M4G02",9.314,6.259,7.361,6.678,8.209,7.901,5.699,7.034,7.771,6.779,7.519,6.857,5.816,7.981,6.383,5.312,6.556,8.128,6.147,5.225,6.052,6.082,6.917,7.346,8.21,6.56,9,6.261,5.755,6.697
"M4G03",8.552,6.449,7.15,5.524,8.411,8.623,5.287,7.432,7.505,6.171,7.821,7.143,6.665,7.155,6.769,5.211,7.988,7.249,6.264,4.368,6.786,6.048,6.868,6.821,7.684,6.947,7.811,6.811,5.179,6.41
"M4G04",9.031,6.327,7.596,5.464,7.779,7.831,4.957,7.193,7.959,6.455,6.823,6.222,6.504,7.464,7.767,5.931,7.907,7.486,5.609,5.65,6.802,5.819,7.17,6.478,7.399,6.716,8.034,5.967,4.663,8.065
"M4G05",7.518,5.882,7.434,6.001,6.551,6.919,5.425,7.206,7.446,5.881,7.602,7.364,6.724,6.759,7.337,5.359,6.436,6.852,6.113,5.77,6.51,6.376,7.457,6.216,7.302,6.412,8.324,7.145,6.097,6.951
"M4G06",8.692,6.69,8.017,5.926,7.99,8.12,6.564,7.152,7.592,4.805,7.357,7.082,6.385,6.411,7.556,6.737,6.514,7.538,6.437,5.172,6.15,5.999,7.782,6.787,7.447,7.324,7.947,6.839,7.03,6.913
"M4G07",7.779,5.686,7.962,5.614,8.251,7.239,5.76,7.275,7.599,7.11,7.773,7.378,6.117,7.253,6.962,6.158,6.668,7.953,6.08,6.048,6.099,6.828,7.017,7.342,7.828,5.939,7.303,7.759,6.491,6.997
"M4G08",8.358,5.741,8.839,5.005,8.126,8.482,6.347,7.604,6.832,6.074,7.022,6.198,6.26,7.129,7.404,6.08,7.798,8.039,5.84,3.742,6.292,4.989,7.362,6.489,8.016,5.894,7.959,6.888,6.09,6.773
"M4G09",8.23,5.649,7.785,5.609,8.549,8.911,5.254,7.761,7.319,5.366,6.987,7.656,7.048,7.127,6.307,6.086,7.179,6.839,5.291,5.709,6.383,5.81,7.396,6.827,7.2,6.872,7.503,6.665,6.067,7.183
"M4G10",9.627,5.779,7.855,5.622,8.081,7.673,4.166,6.68,7.961,7.12,6.66,7.427,6.654,7.258,6.202,4.953,7.417,7.463,6.473,6.054,6.138,6.231,7.237,6.526,6.892,6.678,8.296,7.639,6.32,7.262
"M4G11",9.26,5.305,7.38,4.697,7.759,8.069,5.287,7.324,7.671,6.451,7.572,6.861,5.947,6.527,6.371,5.486,7.406,7.822,4.953,5.729,6.171,5.893,7.531,6.721,7.046,6.745,7.474,6.739,5.042,5.887
"M4G12",9.044,6.377,7.575,5.656,7.769,8.39,5.765,6.646,8.198,6.613,6.933,7.022,5.796,6.969,6.677,6.282,7.1,7.394,6.28,4.887,6.978,6.229,7.106,7.077,7.299,7.234,8.116,7.156,5.791,7.417
"M4G13",8.692,5.939,7.433,5.088,8.348,8.081,4.693,6.939,8.062,5.817,7.103,6.439,6.686,6.534,7.147,5.481,7.586,8.092,6.13,5.311,6.736,6.069,7.919,7.054,8.1,5.746,8.384,7.536,5.578,6.571
"M4G14",7.965,5.488,7.228,5.694,7.05,7.784,4.409,7.796,7.757,5.717,7.548,6.488,5.864,6.824,6.96,5.867,7.131,8.002,5.76,4.495,6.313,6.735,7.38,6.073,6.861,6.631,7.851,7.053,5.835,7.215
"M4G15",8.879,6.127,8.332,5.738,8.251,7.933,5.909,7.581,7.361,5.544,6.846,6.531,6.634,7.185,6.297,6.245,7.17,8.001,6.521,5.292,5.911,6.908,7.396,7.23,6.839,6.456,7.99,7.112,5.847,6.571
"M4G16",8.382,6.276,6.407,6.969,7.823,6.859,5.393,7.101,7.433,5.899,7.449,6.834,7.451,6.588,6.697,5.864,7.478,7.777,5.388,5.347,5.751,6.933,7.234,6.471,7.266,5.999,8.447,6.842,6.433,6.574
"M4G17",9.53,5.737,8.169,5.683,7.2,8.116,5.544,7.562,8.339,6.442,7.518,7.102,6.762,7.439,5.523,5.612,7.245,8.176,6.554,4.828,6.228,6.575,7.736,5.671,7.679,5.756,8.894,7.539,5.731,6.287
"M4G18",9.696,5.644,7.564,5.506,8.606,8.023,5.389,7.65,7.559,6.709,8.259,5.736,6.274,7.202,6.48,6.147,6.862,7.385,4.705,5.158,5.485,5.75,6.562,6.465,7.214,6.63,8.376,8.135,5.445,7.616
"M4G19",8.363,5.702,7.054,5.312,7.884,7.815,5.456,7.623,7.307,5.968,6.604,7.467,6.932,6.672,6.139,5.07,7.938,7.041,5.544,4.958,6.477,7.327,7.776,6.218,7.656,6.362,8.609,7.119,5.011,6.413
"M4G20",9.5,5.317,8.215,5.225,8.4,8.541,4.991,7.147,7.027,6.693,7.023,6.922,6.126,6.111,6.609,5.671,7.47,7.327,6.18,4.497,5.512,6.035,8.177,6.831,7.431,7.256,8.555,6.397,6.613,6.998
"M4G21",7.573,5.328,7.819,5.982,7.596,9.067,6.402,7.599,7.899,7.139,7.985,5.912,7.179,6.032,5.905,5.118,7.577,8.112,5.445,6.107,6.426,6.622,7.503,6.975,6.617,6.757,8.157,6.996,6.256,7.331
"M4G22",8.946,6.09,7.323,5.767,8.467,7.786,4.88,7.417,7.839,6.228,6.367,7.236,7.122,6.775,6.376,6.431,7.281,8.097,6.041,5.554,6.814,7.311,7.19,7.09,7.792,6.639,6.892,6.911,5.72,6.882
"M4G23",7.967,5.381,8.379,6.496,8.047,7.597,5.445,7.76,7.647,6.155,7.498,6.822,6.385,6.789,5.591,5.532,7.083,7.41,5.967,5.429,5.947,6.58,6.873,6.232,6.886,6.63,8.382,7.316,5.883,7.665
"M4G24",9.15,5.936,7.749,5.15,7.916,8.332,5.225,7.441,6.381,5.906,7.909,7.421,7.442,7.775,7.255,5.653,6.829,8.01,5.576,5.621,6.707,6.524,7.515,5.813,6.867,6.545,8.437,7.388,5.882,7.095
"M4G25",7.672,6.311,7.581,7.076,7.775,7.875,5.659,6.885,8.098,7.236,8.377,6.007,7.135,7.57,6.754,5.653,7.343,8.3,5.79,6.321,6.502,5.848,7.205,7.618,7.304,7.249,7.986,6.584,5.798,7.31
"NoiseG001",5.56,6.468,8.131,6.417,7.654,8.355,7.904,7.822,4.924,7.94,7.935,5.881,6.372,6.068,6.744,7.102,5.32,6.507,7.603,5.703,7.443,8.927,6.862,6.496,7.875,7.475,7.568,5.78,7.137,6.271
"NoiseG002",6.578,7.731,7.445,8.099,7.572,6.6,7.414,7.273,7.079,6.533,5.989,6.698,6.977,8.163,7.424,7.15,6.316,7.556,6.26,4.679,8.075,7.203,6.746,7.945,5.713,7.882,6.988,7.441,7.051,6.457
"NoiseG003",7.117,6.461,5.502,5.317,7.931,5.813,7.309,7.833,6.527,7.025,6.204,9.197,8.918,6.927,8.407,6.331,5.938,5.252,5.529,5.886,9.389,5.825,7.278,7.877,6.415,5.123,7.546,7.144,8.233,6.835
"NoiseG004",8.865,5.917,6.622,7.232,8.903,6.74,6.622,7.396,5.491,7.336,7.917,7.467,6.059,6.993,7.428,7.089,6.936,5.456,5.732,6.439,5.718,6.986,5.44,6.224,7.101,7.22,7.689,6.746,7.319,7.05
"NoiseG005",8.248,6.163,7.258,6.898,5.73,6.633,7.595,7.811,6.46,7.708,8.632,7.16,7.096,7.494,5.976,7.155,8.309,6.471,7.466,8.364,8.25,6.382,7.847,5.369,6.525,6.286,7.277,7.807,7.367,8.132
"NoiseG006",6.785,6.571,7.213,7.991,7.93,4.674,6.529,7.009,6.812,7.81,7.936,6.868,9.455,6.583,7.458,8.149,5.435,6.601,8.102,7.611,6.502,4.889,6.569,7.651,7.485,5.433,8.692,6.215,7.648,7.72
"NoiseG007",8.082,7.918,6.305,8.162,6.143,7.042,8.095,7.02,6.168,8.242,5.308,7.417,6.033,7.726,6.024,7.336,8.068,6.409,6.982,7.424,7.631,6.179,7.611,8.775,7.22,8.864,8.69,8.104,6.483,5.564
"NoiseG008",6.395,7.416,6.377,6.231,6.108,7.303,7.031,7.485,8.094,6.091,6.739,9.123,7.345,6.147,7.808,7.109,4.486,7.676,8.129,8.216,5.841,7.361,6.551,8.366,6.147,8.361,8.243,6.547,6.726,6.101
"NoiseG009",5.716,6.778,8.501,7.416,7.253,6.456,5.921,7.477,6.878,7.335,6.582,8,8.406,6.268,5.805,6.834,7.298,7.338,6.75,3.732,5.622,5.336,6.209,6.631,6.767,6.211,6.792,7.01,6.787,8.012
"NoiseG010",8.969,5.925,5.306,5.032,6.16,6.111,6.425,7.332,8.34,8.335,6.268,6.792,7.096,7.836,6.617,7.258,8.018,8.107,8.368,7.674,7.358,8.106,8.119,7.402,7.983,7.265,6.041,6.539,6.176,6.484
"NoiseG011",5.269,8.933,6.523,5.931,7.434,7.139,6.338,6.418,6.212,10.127,5.426,8.421,5.57,7.513,7.989,6.716,6.848,7.005,7.179,7.524,8.417,9.358,7.99,7.57,7.568,7.086,6.079,4.711,7.852,7.405
"NoiseG012",8.271,5.681,6.161,7.193,7.586,7.83,7.897,7.298,5.719,6.434,7.707,7.044,5.389,7.714,6.161,6.242,7.848,8.002,6.544,7.753,7.788,6.438,6.168,6.282,6.115,8.162,6.616,7.229,6.765,6.583
"NoiseG013",6.617,8.845,6.483,7.821,7.707,6.975,7.007,9.432,6.637,8.102,6.63,5.926,7.333,5.347,6.183,7.667,6.845,8.135,6.54,7.373,8.169,8.462,6.089,7.936,5.412,7.987,5.654,5.898,8.148,7.161
"NoiseG014",9.515,6.45,7.715,6.159,6.307,6.88,6.93,6.927,5.554,4.13,8.8,5.955,5.759,6.358,6.568,7.504,6.693,5.265,6.798,7.108,6.601,7.385,7.163,7.674,6.397,8.823,6.781,6.775,7.052,7.747
"NoiseG015",6.926,9.49,5.976,7.519,6.166,7.723,7.587,5.485,6.142,7.838,8.083,6.361,8.074,6.883,8.94,6.514,8.709,8.337,8,6.456,7.321,7.504,9.304,8.056,6.862,9.154,7.975,6.119,5.981,6.176
"NoiseG016",6.29,6.481,7.172,6.741,8.182,7.011,5.497,8.358,7.713,8.303,8.128,6.46,8.369,6.248,7.068,7.122,7.543,5.861,6.932,6.094,7.793,8.376,8.396,5.04,6.398,6.882,7.074,6.45,7.715,7.083
"NoiseG017",5.745,7.297,8.808,7.405,5.749,6.009,8.021,6.773,6.461,7.851,5.987,7.329,8.155,5.928,9.335,8.284,5.98,7.108,6.475,6.951,7.647,7.954,5.856,7.419,5.342,6.226,7.287,6.658,5.925,7.537
"NoiseG018",9.933,6.844,4.408,8.349,7.084,5.337,7.408,4.533,5.819,6.316,8.542,7.548,6.098,6.45,5.482,9.119,6.317,6.525,6.748,6.068,8.421,7.762,6.704,6.12,8.313,7.319,7.063,6.962,8.083,8.412
"NoiseG019",6.131,6.323,5.787,5.734,8.004,6.562,7.636,8.404,6.447,6.736,4.825,6.33,7.113,5.729,6.59,6.879,8.128,7.474,7.194,6.735,7.943,7.329,6.953,6.352,5.809,6.446,6.057,7.614,5.476,6.67
"NoiseG020",5.21,6.996,7.34,9.423,6.48,7.737,8.23,7.439,8.44,7.898,8.626,7.469,6.407,3.534,6.541,5.805,7.581,6.691,8.046,7.446,7.551,7.896,5.865,6.09,7.204,7.447,6.998,7.809,5.469,6.948
"NoiseG021",5.643,6.539,6.907,5.849,5.797,8.917,4.32,7.575,7.76,6.414,6.971,6.888,7.655,7.264,6.316,5.543,7.023,7.256,6.444,7.535,7.052,7.371,6.993,6.236,5.261,7.171,7.961,7.313,7.631,9.458
"NoiseG022",7.837,6.646,7.216,6.526,7.246,6.028,6.189,7.358,6.785,9.015,5.695,6.998,6.187,8.243,6.926,6.926,7.539,5.949,7.337,9.305,6.459,8.147,6.963,8.164,7.361,6.716,7.883,8.221,7.383,7.186
"NoiseG023",6.432,7.132,5.638,6.475,7.121,8.339,7.587,7.125,7.027,7.136,6.769,6.372,6.642,7.961,7.419,7.927,7.117,6.928,7.738,8.495,6.253,8.804,7.181,7.036,6.87,6.458,7.288,7.016,5.409,4.797
"NoiseG024",5.78,5.934,7.404,6.845,7.909,6.815,6.995,6.661,7.402,7.215,7.796,8.925,6.325,7.25,6.96,7.029,7.022,9.293,5.888,6.994,7.291,8.384,10.288,6.754,8.247,6.329,7.049,8.348,8.802,9.007
"NoiseG025",8.143,6.781,6.79,7.437,7.327,8.023,6.796,6.815,6.131,8.85,6.72,5.988,8.056,5.453,6.234,5.867,7.08,8.338,7.197,6.268,5.967,6.073,6.177,8.159,6.735,5.709,6.343,6.468,7.96,9.472
"NoiseG026",9.12,8.794,7.573,7.377,7.864,8.515,5.642,6.684,6.646,5.656,5.581,6.771,6.517,7.267,6.154,6.807,7.186,8.548,7.175,7.222,6.913,8.239,6.837,6.796,5.647,6.727,8.68,6.744,5.469,7.374
"NoiseG027",6.89,5.781,7.865,9.597,7.801,8.303,6.866,6.093,7.632,6.57,7.69,7.583,6.948,8.092,4.782,9.426,8.069,6.244,7.719,5.101,7.976,6.402,7.145,7.699,7.064,6.554,7.095,6.795,7.645,7.267
"NoiseG028",7.872,7.707,7.582,6.259,8.147,6.646,8.161,5.708,7.741,7.808,6.778,6.817,6.533,7.438,7.908,6.224,7.148,6.638,4.833,7.161,8.296,7.594,6.72,7.099,8.388,7.074,6.055,6.775,7.216,8.568
"NoiseG029",8.696,5.054,9.409,5.687,7.206,8.595,7.225,5.589,6.564,5.621,7.439,6.986,6.066,7.712,7.193,6.194,7.642,7.768,6.557,7.453,7.757,7.374,6.779,8.079,6.927,6.964,6.932,8.624,7.531,6.697
"NoiseG030",8.542,6.306,6.857,8.46,5.79,6.177,5.457,5.804,9.17,5.18,5.842,4.735,7.755,5.613,5.944,6.723,9.179,7.093,7.379,6.845,8.154,7.619,7.775,7.266,8.443,7.147,5.818,7.882,8.933,6.483
"NoiseG031",7.455,7.358,7.309,7.091,4.812,6.275,7.738,6.914,7.376,6.442,6.796,6.298,5.867,7.919,5.16,4.664,6.741,6.5,6.854,7.646,7.417,8.025,9.942,7.772,6.239,8.623,7.061,8.516,8.166,7.376
"NoiseG032",7.282,7.004,6.187,5.982,7.149,6.48,7.36,6.44,5.824,8.45,6.144,8.667,8.421,6.071,6.908,6.278,7.742,7.751,5.789,7.007,7.445,8.259,6.633,6.339,7.739,7.391,6.376,5.718,6.635,6.6
"NoiseG033",7.859,6.778,7.012,9.272,7.697,7.6,7.804,7.382,8.394,5.777,7.559,9.642,8.345,8.452,7.968,8.521,6.523,6.365,7.013,7.604,5.274,8.556,7.426,7.541,8.161,6.946,6.115,6.498,7.45,7.13
"NoiseG034",9.071,5.357,9.312,7.259,9.199,6.718,7.6,8.28,7.356,6.317,6.966,6.896,7.499,6.8,7.664,7.262,6.498,7.252,7.138,5.651,5.545,7.318,6.889,8.495,6.158,7.721,7.028,6.323,6.211,7.048
"NoiseG035",5.57,5.574,6.575,7.834,5.597,6.252,9.135,7.176,5.852,7.915,5.874,6.515,7.979,6.994,8.286,6.893,9.448,6.293,6.091,9.192,6.783,6.856,11.049,6.692,6.963,6.476,5.932,6.701,7.738,6.751
"NoiseG036",7.887,7.56,4.821,6.697,6.69,7.409,6.852,6.533,5.188,6.685,6.626,6.051,7.22,7.301,7.219,7.327,7.499,6.248,5.915,5.83,6.268,7.595,6.896,7.72,6.188,7.006,5.937,10.155,6.403,7.722
"NoiseG037",6.735,7.915,4.475,6.862,6.705,6.838,6.293,6.211,6.82,7.535,6.988,6.455,7.728,6.849,7.663,7.222,5.626,7.698,7.066,8.253,7.922,8.357,7.496,7.287,6.865,6.666,6.981,6.554,7.565,8.114
"NoiseG038",6.339,6.776,8.557,4.904,6.721,7.447,6.368,8.228,7.063,8.435,7.964,7.556,7.08,8.259,6.177,6.914,6.955,5.43,6.039,6.717,6.746,7.162,6.065,6.792,6.637,6.291,7.001,6.782,6.627,5.89
"NoiseG039",6.655,7.64,8.502,6.562,6.959,8.199,7.182,7.249,6.894,7.496,7.448,5.735,7.374,6.772,6.361,5.925,7.522,7.618,6.212,6.33,9.055,6.377,4.703,7.913,7.374,7.082,6.749,7.508,4.566,6.512
"NoiseG040",5.088,7.204,6.755,7.911,6.351,7.466,6.962,8.015,8.319,6.895,5.22,7.272,4.891,6.943,7.643,7.437,7.207,6.813,6.69,7.792,6.267,8.208,9.553,6.851,6.721,6.077,8.005,6.495,7.146,6.187
"NoiseG041",7.474,6.25,6.918,8.554,6.748,5.909,6.417,6.267,7.461,5.467,7.381,6.568,7.331,6.902,5.597,6.899,5.535,6.83,7.211,6.359,7.541,5.878,7.206,8.023,7.894,7.573,5.108,6.924,6.771,6.987
"NoiseG042",5.747,7.666,7.845,7.194,6.512,5.645,7.831,7.432,4.296,7.665,6.462,7.189,6.871,5.931,7.717,9.198,6.549,5.623,7.542,7.188,6.669,5.407,6.653,6.46,7.155,7.577,6.523,6.539,7.697,6.246
"NoiseG043",7.968,8.535,7.67,7.754,7.595,8.649,6.011,8.058,6.516,8.932,7.765,6.53,6.045,8.545,4.421,7.276,5.491,7.315,5.187,6.607,8.006,6.253,7.041,7.668,7.15,7.638,6.549,6.237,8.474,6.182
"NoiseG044",6.823,7.118,7.108,5.941,6.705,7.84,5.958,6.648,9.813,7.169,7.163,6.889,6.487,7.543,7.194,8.264,7.276,8.4,7.57,6.339,5.931,7.358,7.114,5.956,8.224,8.789,6.905,7.081,8.129,8.397
"NoiseG045",7.938,5.337,7.924,7.42,7.454,7.762,7.17,7.664,8.681,6.535,6.583,7.761,6.138,5.525,7.546,6.154,7.104,7.351,8.234,9.444,6.518,9.138,6.991,6.709,6.734,7.882,8.055,5.463,6.116,6.743
"NoiseG046",8.158,5.553,4.902,5.727,7.207,9.049,5.733,7.161,8.654,6.592,6.219,6.308,6.679,5.096,6.199,6.244,6.248,5.884,7.26,6.163,5.872,7.305,8.066,7.769,6.064,6.731,8.207,8.86,6.9,8.15
"NoiseG047",8.789,5.121,6.769,4.878,7.199,6.831,8.389,6.505,7.565,7.384,7.075,7.037,6.258,7.052,5.515,6.22,6.366,5.644,5.834,6.212,6.435,4.679,6.064,6.331,7.122,5.642,5.749,6.062,7.037,5.653
"NoiseG048",6.434,7.31,6.284,6.856,7.814,3.942,6.336,7.124,7.036,9.212,7.221,8.377,6.521,8.239,7.991,5.849,6.503,7.212,8.432,7.17,7.561,5.984,5.915,8.132,7.817,6.457,9.762,7.265,6.528,7.524
"NoiseG049",7.611,6.856,9.525,6.785,4.903,5.198,6.709,5.53,6.644,5.516,6.017,5.748,6.55,5.999,9.472,8.247,6.107,7.759,7.336,5.804,7.395,7.797,8.47,6.436,8.24,5.359,7.456,6.532,5.364,7.947
"NoiseG050",7.354,4.118,8.971,7.988,7.027,5.681,5.426,8.985,7.53,6.303,8.336,7.844,7.039,6.501,7.231,5.719,6.139,6.259,6.947,7.65,7.095,6.436,5.331,6.657,6.727,6.352,6.335,5.207,7.076,6.821
"NoiseG051",8.019,6.832,7.724,5.822,7.677,7.262,6.905,7.38,8.815,7.089,6.636,6.682,6.654,7.271,6.671,6.15,7.841,6.079,7.428,8.887,7.521,8.289,7.425,6.609,7.007,9.176,6.609,5.941,7.41,5.912
"NoiseG052",5.217,6.229,7.763,5.826,6.711,7.263,9.098,6.786,6.944,6.988,7.396,5.17,8.153,7.564,6.799,7.094,8.359,8.183,6.61,7.301,5.862,7.413,8.01,7.735,5.701,5.435,7.222,8.127,6.398,6.802
"NoiseG053",4.888,6.783,6.273,8.003,6.698,7.917,6.795,7.945,6.738,7.346,5.593,5.98,7.314,7.31,5.715,6.951,8.602,6.325,7.506,5.037,7.552,8.628,6.99,6.966,5.665,7.314,7.639,7.07,8.76,7.597
"NoiseG054",5.571,7.263,6.747,7.995,7.064,8.2,5.585,8.378,7.873,6.989,6.82,8.307,5.483,5.839,7.153,7.389,6.999,6.329,6.462,7.325,6.938,5.86,6.347,7.426,4.612,8.538,6.243,3.913,6.917,5.84
"NoiseG055",8.067,7.01,6.343,7.319,3.694,8.532,7.05,9.642,7.817,7.216,5.743,6.113,7.514,5.405,7.507,5.497,5.468,5.702,6.606,5.867,6.532,8.268,7.236,7.4,6.925,6.067,6.328,8.197,6.562,6.704
"NoiseG056",6.329,7.076,7.293,8.193,5.76,6.481,8.245,4.379,4.962,5.282,7.914,5.375,6.567,7.617,8.017,7.566,8.06,5.86,6.81,8.108,4.942,8.334,8.059,5.753,7.556,5.593,6.53,7.457,7.934,7.568
"NoiseG057",7.386,5.391,6.632,7.175,9.449,6.77,6.702,6.475,7.849,7.403,7.397,7.736,8.114,7.994,7.121,6.935,6.176,6.611,5.087,6.348,7.091,6.809,7.55,8.401,5.296,7.316,7.521,7.252,8.674,6.251
"NoiseG058",6.034,7.312,6.522,6.687,4.536,6.11,6.774,6.748,6.602,6.618,8.455,7.691,6.235,7.087,6.337,7.16,7.697,7.987,7.279,5.559,7.876,6.015,6.459,6.129,7.394,7.686,5.942,7.036,7.62,6.162
"NoiseG059",6.211,6.327,6.417,7.824,5.219,7.562,7.424,6.86,6.209,7.679,5.617,7.063,5.98,7.172,6.684,6.731,6.782,7.101,7.822,9.77,5.535,6.457,7.116,7.205,8.806,7.622,7.855,7.548,10.116,6.844
"NoiseG060",6.305,8.961,5.873,7.945,6.529,6.13,4.952,7.728,9.205,6.277,6.016,6.438,7.838,8.961,8.179,5.976,7.682,6.903,7.339,7.54,7.076,5.094,7.708,8.175,7.357,7.51,7.437,8.387,5.427,8.454
"NoiseG061",5.48,6.798,7.615,5.005,6.051,6.61,6.888,6.345,6.338,8.053,8.491,6.659,4.629,7.621,6.759,7.434,5.385,7.61,5.576,7.721,8.156,7.052,8.224,6.16,5.716,7.718,7.134,6.794,7.506,7.612
"NoiseG062",6.2,7.081,6.736,5.333,8.298,7.836,5.15,6.962,7.755,7.44,6.743,7.568,6.954,6.757,6.363,6.825,8.036,7.985,6.45,6.887,7.564,5.858,9.772,6.398,6.977,6.922,8.441,6.542,5.446,8.025
"NoiseG063",7.627,7.364,5.425,5.515,7.153,5.4,8.849,6.273,6.434,5.931,7.168,7.074,6.957,7.634,8.215,7.267,8.951,6.272,6.32,6.742,6.675,8.715,7.008,6.682,6.988,7.509,5.733,5.29,7.254,5.975
"NoiseG064",5.437,7.424,7.865,7.678,6.029,7.193,7.616,5.835,6.696,5.535,8.698,8.649,7.719,5.544,8.527,7.942,7.077,6.585,7.181,6.525,7.366,9.371,7.695,8.856,6.273,6.385,5.1,7.195,6.068,8.039
"NoiseG065",7.477,8.996,3.911,6.868,8.146,7.788,7.05,5.981,8.439,5.99,6.419,6.533,6.274,6.557,7.984,6.988,5.999,7.738,7.045,7.345,7.65,6.82,7.115,5.734,7.212,5.431,6.126,5.021,7.743,6.535
"NoiseG066",6.41,5.133,5.568,7.164,7.332,7.396,9.04,6.883,6.553,7.489,9.363,7.977,7.699,7.102,8.734,7.367,6.824,6.046,7.944,5.047,5.624,7.302,6.254,7.033,6.796,7.59,8.425,6.161,6.835,7.394
"NoiseG067",6.974,7.829,7.033,7.146,8.433,7.351,8.061,7.299,7.648,6.29,7.982,6.039,6.538,5.787,6.917,7.967,7.243,7.971,7.028,7.519,6.505,7.765,5.474,7.817,7.786,6.7,6.247,6.692,5.936,6.486
"NoiseG068",9.312,8.535,7.294,5.874,6.627,5.059,6.89,7.391,5.127,8.338,6.43,6.578,6.343,7.774,8.601,6.921,7.309,6.411,6.265,8.111,7.41,5.414,8.3,7.419,7.894,6.49,6.056,7.825,8.006,7.598
"NoiseG069",7.564,6.966,7.199,7.167,5.705,6.352,4.939,5.289,8.567,6.247,6.868,6.853,8.154,8.985,6.765,6.928,5.823,7.055,7.182,6.022,7.578,6.69,8.108,8.123,7.243,6.998,6.007,6.627,7.012,6.534
"NoiseG070",6.974,6.842,7.981,5.843,6.639,6.817,5.555,7.485,8.078,6.087,6.149,7.714,6.794,7.256,6.682,6.695,4.621,6.592,7.588,6.72,6.641,8.514,5.636,6.53,5.871,6.233,6.93,6.416,6.116,8.603
"NoiseG071",7.151,7.867,6.243,6.58,7.301,7.739,5.457,5.216,7.396,6.45,6.254,5.924,7.73,7.244,6.252,8.134,5.205,7.997,7.597,5.793,5.083,7.211,8.13,7.064,6.553,6.284,5.822,6.129,5.775,8.596
"NoiseG072",6.079,7.081,7.32,4.621,7.939,6.249,6.629,7.555,6.498,4.461,6.118,6.757,6.726,8.388,7.01,7.425,6.351,5.958,8.114,7.691,5.751,6.893,7.335,6.993,7.881,5.601,7.112,5.594,7.119,9.315
"NoiseG073",7.572,6.028,6.799,6.753,8.713,8.688,7.066,8.123,7.499,6.429,7.7,7.341,6.237,6.742,7.137,6.421,8.88,7.237,6.552,6.095,5.907,7.613,6.148,8.002,7.566,7.675,7.883,6.418,7.463,6.922
"NoiseG074",8.672,7.259,8.536,7.894,6.49,8.536,7.337,4.745,9.219,6.382,6.165,7.62,8.356,7.641,7.719,6.102,6.668,6.783,7.237,7.727,6.465,6.762,8.23,7.077,7.873,6.884,6.028,7.366,5.036,8.072
"NoiseG075",8.093,5.825,7.646,6.51,6.975,7.403,6.824,8.509,8.504,6.114,6.933,6.87,6.957,6.232,6.777,7.068,8.219,6.249,6.583,8.945,7.362,7.69,7.291,7.484,7.399,6.464,7.921,6.854,7.089,8.482
"NoiseG076",5.811,6.64,7.042,7.015,5.266,6.575,6.881,8.818,8.487,5.495,7.738,6.444,8.291,6.801,7.693,7.494,5.279,7.443,6.456,6.29,7.042,6.39,6.483,8.469,7.06,5.248,8.056,8.586,6.685,7.285
"NoiseG077",5.402,7.739,6.677,6.86,5.939,7.685,7.651,7.822,6.169,6.361,6.007,5.84,6.77,6.131,7.122,6.144,8.223,8.525,6.146,6.964,4.704,9.143,6.849,7.357,7.433,6.089,6.124,7.219,6.231,8.698
"NoiseG078",6.872,6.249,7.101,6.993,7.566,7.457,5.869,8.784,7.231,6.113,8.778,6.335,7.915,6.197,7.005,5.032,7.758,8.208,5.558,8.532,7.499,6.707,5.124,5.839,5.871,5.171,6.49,7.289,6.283,6.799
"NoiseG079",7.659,7.433,7.172,6.784,6.618,6.83,6.827,6.88,6.175,5.92,7.742,7.004,6.361,5.984,6.457,7.423,7.603,6.22,7.329,7.274,7.49,7.893,6.179,5.367,6.71,7.662,6.149,6.851,7.9,7.328
"NoiseG080",8.333,9.01,7.157,7.99,7.042,8.876,7.889,6.28,7.649,5.896,7.822,4.927,6.92,6.029,8.346,6.845,6.202,6.573,7.944,7.681,6.517,6.937,7.251,6.914,7.86,7.413,6.04,7.599,7.198,7.347
"NoiseG081",7.532,7.149,5.787,9.24,7.104,6.364,8.057,7.5,6.346,6.839,8.052,5.431,6.755,7.137,6.113,5.679,5.92,8.219,7.953,7.806,7.639,6.809,5.808,6.394,6.927,5.688,7.412,7.694,6.661,8.336
"NoiseG082",7.447,8.188,7.681,8.352,6.452,8.482,6.137,9.847,6.235,8.711,6.219,6.375,6.78,8.205,6.994,7.906,7.749,6.241,8.198,8.385,6.958,7.805,8.477,8.207,6.985,6.018,7.317,6.207,7.879,6.411
"NoiseG083",7.444,6.185,6.561,5.824,6.592,7.846,7.096,5.243,6.817,6.908,7.355,5.84,9.144,7.381,6.751,4.912,7.504,8.032,9.185,4.583,8.234,7.625,8.151,9.468,8.363,8.215,8.114,6.101,5.72,6.419
"NoiseG084",5.071,6.636,8.192,6.412,7.585,6.324,7.056,7.456,8.467,5.379,7.326,7.944,7.894,7.219,6.22,6.885,8.3,7.512,8.012,8.143,7.783,6.87,7.725,6.879,6.723,6.633,6.449,7.368,7.002,7.24
"NoiseG085",4.356,7.751,6.079,6.859,7.085,7.928,6.576,7.896,7.845,8.011,9.039,7.276,6.635,3.68,9.464,6.078,7.255,8.911,5.516,7.488,7.442,7.575,7.238,6.53,7.539,7.465,6.586,7.899,5.03,8.859
"NoiseG086",6.963,6.579,5.55,7.363,6.119,7.397,5.097,7.759,7.253,8.504,7.829,6.039,5.541,5.634,6.853,6.438,6.168,7.478,6.155,6.052,7.851,6.376,5.934,7.714,7.441,7.153,7.503,7.634,6.38,8.082
"NoiseG087",6.933,3.977,7.235,7.213,6.526,6.416,4.925,9.25,8.575,6.72,7.428,6.722,6.837,6.748,5.826,7.361,6.81,8.686,8.363,7.475,6.572,6.233,7.701,5.197,6.245,8.433,6.374,6.235,6.533,8.666
"NoiseG088",7.523,6.53,6.996,6.366,6.517,6.904,7.223,5.837,5.926,7.025,6.654,7.578,5.691,8.191,6.654,7.335,6.127,7.403,6.121,5.725,5.899,7.261,6.573,8.296,7.966,7.163,7.041,9.468,6.505,5.77
"NoiseG089",6.515,8.263,8.718,8.232,5.29,8.026,6.979,6.191,6.717,7.592,7.281,6.77,7.225,8.016,6.569,4.561,6.973,7.891,5.541,6.552,6.191,6.102,6.646,4.78,8.369,7.914,6.403,6.103,5.895,6.186
"NoiseG090",5.805,8.189,7.249,6.479,7.466,7.724,7.272,7.231,7.471,6.252,8.389,6.014,6.776,6.922,6.745,6.81,6.092,8.307,6.383,6.659,8.049,4.712,6.394,8.31,5.958,7.008,7.249,6.45,7.271,7.693
"NoiseG091",6.69,7.64,5.912,5.815,6.928,8.805,7.162,7.48,7.767,6.735,8.474,6.223,7.814,5.67,6.69,7.884,7.605,6.247,6.779,6.598,7.921,8.722,6.023,8.126,4.464,8.079,7.37,6.241,7.941,5.736
"NoiseG092",5.917,6.861,6.311,6.49,6.043,7.386,6.672,6.56,6.171,7.517,6.813,7.791,7.361,6.873,8.893,7.793,5.682,6.091,6.409,7.225,6.101,6.6,9.548,7.965,7.219,8.401,7.129,6.605,6.901,8.641
"NoiseG093",5.073,8.692,6.267,8.647,7.386,7.29,7.071,8.317,7.183,7.45,8.06,8.021,6.421,6.516,7.532,6.065,7.877,6.664,6.048,6.744,6.594,9.06,7.192,8.098,5.767,6.651,7.583,7.893,6.809,5.479
"NoiseG094",6.741,7.12,7.308,8.263,6.569,6.361,7.564,5.844,6.114,5.579,8.161,6.888,5.826,7.355,7.092,6.402,6.704,6.779,7.191,7.015,7.971,6.996,7.744,7.134,7.142,6.153,7.026,9.078,6.711,7.586
"NoiseG095",6.939,4.634,5.626,8.419,6.629,8.529,7.04,5.038,8.084,5.973,6.954,7.378,7.523,6.62,7.328,6.546,6.587,7.171,7.46,8.107,8.651,6.055,6.003,6.52,6.121,7.948,7.199,7.591,6.791,7.53
"NoiseG096",8.205,6.89,7.423,6.898,7.446,6.589,9.367,6.938,6.484,6.497,5.966,4.988,6.565,7.213,7.148,5.703,6.667,6.275,8.316,5.68,6.149,6.434,6.938,5.989,6.948,6.695,6.246,7.163,5.793,5.769
"NoiseG097",7.696,7.108,6.993,5.647,6.117,7.257,6.965,7.938,6.024,7.621,7.49,5.064,6.711,5.917,4.393,8.014,6.985,6.946,8.542,6.155,7.825,9.388,6.513,6.8,4.44,7.174,7.962,7.965,7.133,6.71
"NoiseG098",5.85,8.344,5.431,7.323,5.993,6.082,6.324,8.09,5.508,7.073,7.397,7.629,6.493,7.393,6.378,7.056,5.213,6.996,7.757,7.421,6.17,6.871,8.224,5.608,7.454,7.548,6.781,6.209,6.886,7.784
"NoiseG099",6.146,5.245,6.542,7.824,7.092,6.722,7.109,8.674,7.065,7.376,8.443,9.115,7.037,5.584,5.651,4.996,6.374,6.627,7.329,7.349,5.815,7.84,6.708,6.188,7.145,5.567,8.446,6.517,5.386,7.87
"NoiseG100",7.577,6.374,7.577,9.301,7.333,6.554,7.771,8.889,7.148,8.361,8.094,6.466,7.383,7.261,6.834,5.983,6.47,8.656,6.455,7.196,5.981,7.395,7.052,7.277,7.532,7.482,7.957,8.099,7.841,8.294
"NoiseG101",6.344,6.931,7.948,7.812,6.075,9.192,6.322,7.903,5.854,7.521,8.078,7.265,7.968,8.344,5.709,7.393,8.477,6.895,6.559,5.621,6.396,5.22,6.871,8.433,7.393,7.149,7.33,7.218,6.09,8.102
"NoiseG102",8.199,6.413,7.612,5.684,6.235,7.521,4.841,6.135,6.346,6.668,6.384,4.348,8.028,7.411,6.686,7.462,7.51,7.57,6.135,8.015,7.391,5.113,6.491,8.718,7.056,6.946,6.762,6.975,7.342,6.863
"NoiseG103",7.485,7.82,6.656,5.858,7.058,8.067,6.039,6.402,8.668,7.202,7.661,8.599,5.48,5.982,5.891,8.522,9.603,7.693,6.654,4.578,5.993,6.914,4.658,6.575,6.385,6.77,8.632,7.209,6.997,6.58
"NoiseG104",7.576,8.714,6.436,6.847,7.617,5.568,7.292,8.527,5.244,6.78,7.531,7.536,6.078,6.628,7.107,5.244,6.806,7.147,5.682,7.052,6.473,6.697,5.861,7.107,6.75,6.62,5.411,7.28,7.323,7.511
"NoiseG105",5.85,4.994,5.645,7.828,7,6.765,6.629,7.274,8.456,8.225,5.47,6.492,7.939,5.766,7.704,6.719,5.891,7.149,7.266,7.657,7.806,6.209,6.938,6.751,7.961,6.85,8.241,6.073,7.944,6.201
"NoiseG106",6.829,8.123,7.839,6.498,7.945,6.754,8.75,9.198,6.676,7.376,7.772,6.34,7.928,6.854,6.552,6.221,5.959,6.967,8.792,5.424,8.435,9.663,8.218,7.227,7.416,6.997,7.123,7.254,6.614,7.807
"NoiseG107",7.377,7.597,7.375,7.368,8.158,5.656,4.398,6.713,9.132,8.292,7.983,8.057,7.855,7.098,7.779,8.115,5.979,7.576,7.517,5.961,8.119,6.51,7.361,4.54,7.339,5.875,6.263,7.274,8.387,7.591
"NoiseG108",7.664,6.992,7.166,5.219,5.69,7.558,6.519,7.685,7.51,7.035,7.048,7.413,6.294,6.758,8.014,6.94,6.134,6.04,7.334,5.365,5.445,7.379,7.131,7.397,6.924,6.968,5.506,7.589,4.892,5.017
"NoiseG109",5.93,7.865,6.463,6.193,7.808,5.477,6.349,7.688,8.069,5.201,6,6.975,6.883,7.616,7.744,6.922,6.23,7.177,5.264,7.053,6.588,6.287,6.328,5.944,6.281,7.579,7.828,6.675,6.356,5.185
"NoiseG110",6.257,5.363,8.048,8.296,7.679,6.162,7.95,3.584,7.591,6.443,5.583,8.003,6.994,6.925,7.077,6.413,8.276,7.048,5.298,7.711,7.082,8.477,6.612,7.31,8.143,6.261,8.224,8.762,4.47,5.804
"NoiseG111",8.011,6.674,7.679,6.45,6.337,6.746,7.099,6.353,4.333,5.562,8.785,5.869,6.825,8.366,7.29,7.224,7.041,5.148,8.26,4.545,8.172,6.925,7.964,7.906,8.241,6.698,8.104,7.038,7.106,6.067
"NoiseG112",6.991,5.401,6.323,5.582,6.869,6.738,6.539,8.473,7.064,7.578,6.818,7.534,6.195,6.216,6.801,6.722,6.291,7.904,7.674,6.543,5.156,7.731,7.233,6.311,6.593,8.691,6.105,8.216,5.589,6.579
"NoiseG113",6.487,7.556,7.763,7.495,6.652,6.872,8.181,6.272,7.428,7.377,7.478,7.492,7.306,6.29,5.473,7.931,7.216,6.033,5.931,6.259,8.135,6.03,6.428,8.169,7.623,7.442,8.09,7.985,8.394,5.976
"NoiseG114",5.299,4.953,7.091,6.165,6.92,7.52,8.12,8.108,6.82,6.375,6.643,9.374,8.843,8.446,8.234,6.008,6.439,5.426,6.997,4.995,6.388,7.847,7.29,8.596,7.854,6.369,6.5,7.164,6.125,8.527
"NoiseG115",5.945,8.061,5.161,7.912,6.92,7.77,7.149,5.089,7.619,7.144,7.356,6.638,7.236,7.768,6.611,6.817,7.804,6.188,6.921,8.063,6.807,6.917,8.058,6.466,9.186,6.123,6.928,6.872,6.303,6.418
"NoiseG116",6.216,7.121,6.253,7.289,7.01,9.225,7.3,6.654,6.69,7.635,8.267,8.324,7.091,6.99,7.538,8.113,7.432,8.328,7.706,7.27,6.482,7.948,7.272,6.353,5.746,6.277,7.79,7.01,6.255,8.068
"NoiseG117",7.837,7.763,7.054,8.052,6.599,7.226,8.365,7.581,8.099,6.424,7.324,6.71,6.92,6.493,6.97,7.316,7.87,5.054,7.596,6.225,7.629,8.746,6.179,5.779,7.173,7.469,5.486,7.322,6.354,5.752
"NoiseG118",7.362,8.437,6.444,7.494,6.786,6.198,8.228,6.222,6.436,8.048,7.339,7.036,6.567,7.35,5.784,6.414,5.276,5.837,7.132,9.134,5.038,7.158,7.299,7.836,8.159,6.835,8.906,8.631,6.686,6.638
"NoiseG119",7.909,6.549,6.727,9.862,6.736,6.973,5.558,6.611,7.042,5.666,5.458,6.134,6.485,7.536,6.14,5.697,8.107,9.058,4.702,6.837,7.658,6.645,7.613,7.705,6.386,5.817,7.732,8.355,7.051,6.771
"NoiseG120",6.908,5.906,5.986,6.887,7.564,6.013,7.162,7.893,7.806,7.064,8.064,5.966,5.34,6.571,5.459,6.988,6.604,7.511,8.018,7.851,5.856,6.714,7.049,7.868,5.562,5.698,7.68,7.954,7.695,8.027
"NoiseG121",7.948,4.656,6.554,5.336,5.974,6.463,6.33,7.218,8.01,7.365,8.161,5.125,8.659,5.626,6.126,6.616,6.62,6.743,6.675,7.885,5.482,6.954,7.276,7.169,6.062,7.349,6.849,6.856,6.714,6.008
"NoiseG122",7.797,6.345,8.005,7.965,8.232,7.673,6.435,7.229,7.063,7.248,6.353,5.675,6.679,7.625,6.418,5.706,8.051,5.653,5.256,6.024,7.85,6.462,7.783,7.838,8.244,6.093,7.329,6.93,7.55,6.647
"NoiseG123",4.896,6.888,5.513,7.514,5.596,5.823,8.374,8.039,7.758,7.589,6.266,6.865,6.502,6.932,6.042,6.268,7.229,8.465,7.387,6.818,7.44,5.943,5.276,7.111,5.508,8.463,7.588,7.49,4.605,8.082
"NoiseG124",7.379,8.171,8.136,4.29,6.187,6.225,6.623,7.988,7.14,7.473,7.365,8.935,6.537,7.652,7.327,7.697,5.337,7.332,8.494,7.201,6.412,7.887,6.565,6.143,6.819,7.275,6.476,8.393,5.777,7.699
"NoiseG125",6.634,8.742,8.078,6.576,8.095,8.385,7.384,6.45,7.791,7.905,6.778,7.956,6.734,5.764,7.346,6.421,7.604,7.164,7.775,7.532,8.731,8.445,7.739,6.933,8.74,7.122,7.939,5.512,8.468,8.642
"NoiseG126",6.569,8.11,7.094,7.23,7.984,7.621,6.615,6.466,5.704,6.864,6.018,7.177,5.981,7.205,7.276,8.097,7.338,6.309,7.413,6.533,7.748,7.22,7.922,5.663,9.744,6.583,7.217,5.666,8.686,6.11
"NoiseG127",7.83,7.479,5.8,7.615,4.854,6.145,6.645,6.135,7.124,7.358,8.051,8.038,6.497,6.102,4.847,7.397,7.045,8.424,5.718,6.76,7.109,5.967,3.517,7.555,7.67,6.972,7.595,7.106,8.422,5.522
"NoiseG128",8.99,6.124,5.593,5.94,6.372,7.147,8.323,6.679,5.858,4.848,9.096,8.792,6.391,6.353,6.973,7.098,6.839,7.989,6.511,7.74,8.295,6.446,8.143,6.413,8.579,4.994,4.407,7.544,6.181,6.152
"NoiseG129",6.689,8.71,6.73,7.134,7.026,7.374,7.708,5.743,6.035,7.114,6.768,7.337,6.55,6.972,8.578,5.547,7.019,8.066,8.474,8.381,5.596,7.779,6.841,5.979,7.032,6.126,5.479,5.712,6.678,6.704
"NoiseG130",7.629,6.613,8.414,8.003,8.283,8.921,4.93,7.286,6.329,6.454,7.707,6.681,6.188,6.321,7.008,6.32,6.703,8.907,6.554,7.294,6.71,6.577,7.692,5.252,7.376,6.31,7.684,7.017,7.393,7.826
"NoiseG131",7.272,5.619,6.907,6.229,8.018,6.318,7.665,6.883,8.025,6.424,6.606,6.046,7.599,7.222,7.239,6.692,7.078,6.339,8.326,7.037,6.851,6.692,7.628,8.107,5,7.811,5.986,6.091,6.215,7.179
"NoiseG132",5.495,5.838,6.598,6.151,6.45,7.315,5.368,6.61,7.76,5.13,7.335,6.046,6.085,5.055,6.478,10.197,6.393,6.476,6.3,6.939,6.674,6.497,9.204,5.983,9.317,6.659,6.167,6.966,6.566,6.335
"NoiseG133",5.331,7.42,6.734,9.315,6.359,9.526,5.955,6.925,5.498,7.539,7.199,5.578,7.768,7.721,7.275,7.794,7.603,7.907,6.747,8.419,7.121,6.726,6.556,6.721,7.756,7.918,7.334,8.671,7.146,7.298
"NoiseG134",8.057,8.963,6.442,6.078,5.858,7.375,6.456,4.777,8.201,6.314,6.293,6.299,6.056,6.982,5.787,7.8,6.96,8.216,5.89,7.462,6.231,6.98,7.367,7.354,6.481,7.312,7.357,6.125,7.176,10.521
"NoiseG135",7.825,6.534,5.39,6.82,7.927,7.362,7.818,5.985,6.889,6.556,6.595,7.22,8.289,7.186,7.557,7.759,7.469,8.488,6.173,7.532,8.166,6.923,7.266,7.789,7.827,5.768,7.461,7.552,5.732,5.665
"NoiseG136",8.925,6.466,5.45,4.43,8.139,5.47,7.684,6.472,6.857,6.672,6.673,7.462,6.727,6.983,7.136,8.342,7.296,7.907,6.908,7.787,6.384,6.142,6.441,7.87,8.466,8.219,5.94,7.029,5.904,6.622
"NoiseG137",7.898,8.477,6.7,6.343,8.171,6.846,8.721,6.05,7.4,7.038,7.267,7.671,7.844,7.676,7.888,5.618,5.985,5.786,5.314,7.334,7.027,7.064,7.387,7.412,7.356,8.127,6.506,7.547,7.461,7.151
"NoiseG138",6.003,7.718,6.607,6.865,6.565,7.694,8.902,4.098,7.231,7.41,8.219,6.887,8.626,6.002,7.449,7.899,7.433,6.366,7.251,8.177,5.945,7.177,6.399,6.102,7.562,6.78,7.296,7.52,5.96,6.737
"NoiseG139",6.498,6.947,5.863,7.087,7.536,5.995,8.535,6.088,8.953,5.837,7.564,6.842,7.53,7.129,6.75,7.236,8.53,8.134,6.871,7.211,6.112,8.18,6.206,7.631,6.596,6.039,6.622,7.51,5.497,5.475
"NoiseG140",8.127,5.379,8.09,5.655,6.421,6.297,7.87,8.597,6.965,4.385,8.374,7.244,8.366,7.094,8.563,6.614,6.037,8.656,6.37,6.902,7.303,6.702,8.856,8.271,7.444,9.16,8.099,5.746,5.098,6.559
"NoiseG141",6.742,6.448,7.366,7.821,6.883,7.851,8.161,7.48,8.152,7.059,7.781,8.076,6.169,6.314,6.944,7.874,7.57,8.015,6.328,7.373,8.213,5.837,7.097,5.774,6.129,6.867,7.81,8.365,5.472,7.809
"NoiseG142",6.805,8.154,6.643,6.599,8.171,4.734,5.456,8.147,6.788,7.102,7.685,4.953,6.829,6.842,7.445,6.192,7.418,7.174,8.89,6.857,4.814,6.367,6.241,7.607,8.527,7.488,7.41,6.432,6.443,8.367
"NoiseG143",6.953,5.998,8.412,6.487,5.95,6.393,8.974,7.499,7.553,8.841,6.369,6.433,7.639,6.476,5.402,6.127,5.163,6.308,6.062,6.616,7.273,5.534,6.711,8.971,6.591,6.624,6.453,8.274,6.704,6.258
"NoiseG144",8.539,9.59,6.644,8.589,8.595,7.805,6.02,6.137,7.067,6.482,5.728,7.374,7.063,6.689,5.833,7.621,6.982,5.722,7.22,6.651,7.034,4.407,6.041,6.295,6.078,7.259,7.011,4.738,7.784,6.72
"NoiseG145",7.733,5.65,8.492,7.485,6.477,6.39,7.404,6.462,6.071,6.742,6.97,6.831,6.188,6.295,6.832,6.858,7.169,6.143,9.01,7.163,6.747,7.239,7.092,7.05,6.699,6.864,7.426,6.983,5.303,5.612
"NoiseG146",8.308,7.28,7.202,7.882,6.437,7.435,6.564,7.189,6.187,8.555,7.253,6.953,9.023,8.623,7.22,9.538,7.38,8.452,7.464,8.307,8.131,7.492,6.578,8.859,6.594,7.097,6.659,6.649,7.221,7.101
"NoiseG147",6.482,7.241,6.71,5.002,8.705,5.911,5.212,6.349,5.86,8.105,5.761,8.103,5.84,5.004,7.055,4.825,6.748,5.983,5.729,7.005,5.786,6.54,8.092,6.441,7.238,7.115,7.338,7.196,8.393,6.901
"NoiseG148",7.117,7.294,6.387,6.505,7.435,6.751,6.208,6.639,6.647,7.031,6.991,7.155,5.982,6.641,5.476,7.374,4.529,5.78,7.893,7.637,8.028,7.196,5.28,7.846,6.777,5.902,7.06,6.314,6.087,6.283
"NoiseG149",6.538,5.706,7.91,7.276,8.357,6.247,8.694,7.69,4.653,6.999,7.077,5.617,5.639,8.934,7.744,5.507,6.846,6.772,7.049,7.122,7.557,9.349,6.956,5.301,6.007,6.219,7.058,7.888,6.276,7.785
"NoiseG150",5.814,5.3,7.522,7.11,8.351,7.917,5.959,7.288,7.387,5.907,7.963,7.747,6.257,7.16,5.332,6.047,6.752,6.281,6.574,7.391,8.17,6.512,8.194,7.66,7.849,5.889,6.423,6.854,6.473,8.145
